-- MySQL dump 10.13  Distrib 5.6.28, for Linux (x86_64)
--
-- Host: localhost    Database: permiss
-- ------------------------------------------------------
-- Server version	5.6.28

/*!40101 SET @OLD_CHARACTER_SET_CLIENT=@@CHARACTER_SET_CLIENT */;
/*!40101 SET @OLD_CHARACTER_SET_RESULTS=@@CHARACTER_SET_RESULTS */;
/*!40101 SET @OLD_COLLATION_CONNECTION=@@COLLATION_CONNECTION */;
/*!40101 SET NAMES utf8 */;
/*!40103 SET @OLD_TIME_ZONE=@@TIME_ZONE */;
/*!40103 SET TIME_ZONE='+00:00' */;
/*!40014 SET @OLD_UNIQUE_CHECKS=@@UNIQUE_CHECKS, UNIQUE_CHECKS=0 */;
/*!40014 SET @OLD_FOREIGN_KEY_CHECKS=@@FOREIGN_KEY_CHECKS, FOREIGN_KEY_CHECKS=0 */;
/*!40101 SET @OLD_SQL_MODE=@@SQL_MODE, SQL_MODE='NO_AUTO_VALUE_ON_ZERO' */;
/*!40111 SET @OLD_SQL_NOTES=@@SQL_NOTES, SQL_NOTES=0 */;

--
-- Table structure for table `action`
--

DROP TABLE IF EXISTS `action`;
/*!40101 SET @saved_cs_client     = @@character_set_client */;
/*!40101 SET character_set_client = utf8 */;
CREATE TABLE `action` (
  `actId` int(11) NOT NULL AUTO_INCREMENT,
  `actTitle` varchar(512) NOT NULL,
  `actIcon` varchar(512) DEFAULT NULL,
  `createAt` int(11) DEFAULT NULL,
  `updateAt` int(11) DEFAULT NULL,
  `actKey` varchar(512) NOT NULL,
  `menuId` int(11) DEFAULT NULL,
  `actType` int(11) NOT NULL,
  `optType` int(11) NOT NULL,
  `schemaId` int(11) DEFAULT NULL,
  `schemaFormId` int(11) DEFAULT NULL,
  `templateUrl` varchar(512) DEFAULT NULL,
  `schemaDataId` int(11) DEFAULT NULL,
  `clearCurrentItem` tinyint(1) DEFAULT NULL,
  `jumpUrl` varchar(512) DEFAULT NULL,
  `controller` varchar(512) DEFAULT NULL,
  `needData` tinyint(1) DEFAULT NULL,
  PRIMARY KEY (`actId`),
  KEY `actId` (`actId`)
) ENGINE=InnoDB AUTO_INCREMENT=162 DEFAULT CHARSET=utf16;
/*!40101 SET character_set_client = @saved_cs_client */;

--
-- Dumping data for table `action`
--

LOCK TABLES `action` WRITE;
/*!40000 ALTER TABLE `action` DISABLE KEYS */;
INSERT INTO `action` VALUES (1,'新建角色','add',NULL,NULL,'add',7,1,1,31,32,NULL,NULL,0,NULL,NULL,NULL),(2,'修改角色','edit',NULL,NULL,'edit',7,2,1,31,32,NULL,NULL,0,NULL,NULL,NULL),(3,'删除角色','delete',NULL,NULL,'delete',7,2,2,NULL,NULL,NULL,NULL,0,NULL,NULL,NULL),(4,'浏览','pageview',NULL,NULL,'view',7,4,4,31,32,NULL,NULL,0,NULL,NULL,NULL),(13,'新建','add',NULL,NULL,'add',12,1,0,NULL,NULL,NULL,NULL,NULL,NULL,NULL,NULL),(14,'修改','edit',NULL,NULL,'edit',12,1,0,NULL,NULL,NULL,NULL,NULL,NULL,NULL,NULL),(15,'删除','delete',NULL,NULL,'delete',12,1,0,NULL,NULL,NULL,NULL,NULL,NULL,NULL,NULL),(16,'浏览','pageview',NULL,NULL,'view',1,4,0,NULL,NULL,NULL,NULL,NULL,NULL,NULL,NULL),(17,'浏览','pageview',NULL,NULL,'view',2,4,0,NULL,NULL,NULL,NULL,NULL,NULL,NULL,NULL),(18,'浏览','pageview',NULL,NULL,'view',3,4,4,13,15,NULL,NULL,NULL,NULL,NULL,NULL),(19,'浏览','pageview',NULL,NULL,'view',11,4,4,10,12,NULL,NULL,NULL,NULL,NULL,NULL),(20,'浏览','pageview',NULL,NULL,'view',5,4,0,NULL,NULL,NULL,NULL,NULL,NULL,NULL,NULL),(21,'浏览','pageview',NULL,NULL,'view',6,4,4,28,30,NULL,NULL,0,NULL,NULL,NULL),(22,'新建','add',NULL,NULL,'add',3,1,1,13,14,NULL,17,NULL,NULL,NULL,NULL),(25,'新建子模块','add',NULL,NULL,'childadd',3,2,1,13,14,NULL,17,1,NULL,NULL,NULL),(26,'修改模块','edit',NULL,NULL,'edit',3,2,1,13,14,NULL,NULL,NULL,NULL,NULL,NULL),(27,'删除模块','delete',NULL,NULL,'delete',3,2,2,NULL,NULL,NULL,NULL,NULL,NULL,NULL,NULL),(28,'管理操作','note_add',NULL,NULL,'manager',3,2,3,NULL,NULL,NULL,NULL,NULL,'#pages/action/:menuId',NULL,NULL),(29,'新建键值','add',NULL,NULL,'add',11,1,1,10,11,NULL,NULL,NULL,NULL,NULL,NULL),(32,'修改键值','edit',NULL,NULL,'edit',11,2,1,10,11,NULL,NULL,NULL,NULL,NULL,NULL),(33,'删除键值','delete',NULL,NULL,'delete',11,2,2,NULL,NULL,NULL,NULL,NULL,NULL,NULL,NULL),(34,'新建权限组','add',NULL,NULL,'add',6,1,1,28,29,NULL,NULL,0,NULL,NULL,NULL),(37,'修改权限组','edit',NULL,NULL,'edit',6,2,1,28,29,NULL,NULL,0,NULL,NULL,NULL),(38,'删除权限组','delete',NULL,NULL,'delete',6,2,2,NULL,NULL,NULL,NULL,0,NULL,NULL,NULL),(39,'编辑菜单','menu',NULL,NULL,'menu',6,2,5,NULL,NULL,'js/partials/controllers/permission/groups/manager_permiss_form.html',NULL,0,NULL,'GroupManagerPermissController',NULL),(42,'权限组管理','note_add',NULL,NULL,'note_add',7,2,5,NULL,NULL,'js/partials/controllers/permission/actors/manager_group_form.html',NULL,0,NULL,'ActorManagerGroupController',NULL),(43,'浏览','pageview',NULL,NULL,'view',9,4,0,NULL,NULL,NULL,NULL,NULL,NULL,NULL,NULL),(44,'浏览','pageview',NULL,NULL,'view',13,4,0,1,4,NULL,NULL,NULL,NULL,NULL,NULL),(45,'新建接口','add',NULL,NULL,'add',13,1,1,1,3,NULL,NULL,NULL,NULL,NULL,NULL),(46,'修改接口','edit',NULL,NULL,'edit',13,2,1,1,3,NULL,NULL,NULL,NULL,NULL,NULL),(47,'删除接口','delete',NULL,NULL,'delete',13,2,2,NULL,NULL,NULL,NULL,NULL,NULL,NULL,NULL),(48,'新建SCHEMA','add',NULL,NULL,'add',14,1,1,5,6,NULL,NULL,NULL,NULL,NULL,NULL),(49,'修改SCHEMA','edit',NULL,NULL,'edit',14,2,1,5,6,NULL,NULL,NULL,NULL,NULL,NULL),(50,'删除SCHEMA','delete',NULL,NULL,'delete',14,2,2,NULL,NULL,NULL,NULL,NULL,NULL,NULL,NULL),(51,'浏览','pageview',NULL,NULL,'view',14,4,4,5,7,NULL,NULL,NULL,NULL,NULL,NULL),(52,'返回菜单','arrow_back',NULL,NULL,'back',8,1,3,NULL,NULL,NULL,NULL,NULL,'#pages/module',NULL,NULL),(53,'新建操作','add',NULL,NULL,'add',8,1,1,18,19,NULL,20,NULL,NULL,NULL,NULL),(54,'修改操作','edit',NULL,NULL,'edit',8,2,1,18,19,NULL,NULL,NULL,NULL,NULL,NULL),(55,'删除操作','delete',NULL,NULL,'delete',8,2,2,NULL,NULL,NULL,NULL,NULL,NULL,NULL,NULL),(56,'浏览','',NULL,NULL,'view',8,4,4,18,NULL,NULL,NULL,NULL,NULL,NULL,NULL),(57,'接口管理','extension',NULL,NULL,'interface',8,2,3,NULL,NULL,NULL,NULL,0,'#pages/actioninterface/:one/:actId',NULL,NULL),(59,'返回','arrow_back',NULL,NULL,'back',16,1,3,NULL,NULL,NULL,NULL,0,'#pages/action/:one',NULL,NULL),(60,'新建','add',NULL,NULL,'add',16,1,1,21,22,NULL,23,0,NULL,NULL,NULL),(61,'修改','edit',NULL,NULL,'edit',16,2,1,21,22,NULL,NULL,0,NULL,NULL,NULL),(62,'删除','delete',NULL,NULL,'delete',16,2,2,NULL,NULL,NULL,NULL,0,NULL,NULL,NULL),(63,'浏览',NULL,NULL,NULL,'view',16,4,4,21,22,NULL,23,NULL,NULL,NULL,NULL),(68,'添加用户','add',NULL,NULL,'add',10,1,1,24,25,NULL,NULL,0,NULL,NULL,NULL),(69,'修改用户','edit',NULL,NULL,'edit',10,2,1,24,26,NULL,NULL,0,NULL,NULL,NULL),(70,'删除用户','delete',NULL,NULL,'del',10,2,2,NULL,NULL,NULL,NULL,0,NULL,NULL,NULL),(71,'浏览','pageview',NULL,NULL,'view',10,4,4,24,27,NULL,NULL,0,NULL,NULL,NULL),(74,'详情','details',NULL,NULL,'detail',3,4,4,NULL,NULL,NULL,NULL,1,NULL,NULL,NULL),(75,'详情','details',NULL,NULL,'detail',8,4,4,NULL,NULL,NULL,NULL,0,NULL,NULL,NULL),(76,'详情','details',NULL,NULL,'detail',16,4,4,NULL,NULL,NULL,NULL,0,NULL,NULL,NULL),(77,'详情','details',NULL,NULL,'detail',11,4,4,NULL,NULL,NULL,NULL,0,NULL,NULL,NULL),(78,'详情','details',NULL,NULL,'detail',13,4,4,NULL,NULL,NULL,NULL,0,NULL,NULL,NULL),(79,'详情','details',NULL,NULL,'detail',14,4,4,NULL,NULL,NULL,NULL,0,NULL,NULL,NULL),(80,'详情','details',NULL,NULL,'detail',6,4,4,NULL,NULL,NULL,NULL,0,NULL,NULL,NULL),(81,'详情','details',NULL,NULL,'detail',7,4,4,NULL,NULL,NULL,NULL,0,NULL,NULL,NULL),(82,'详情','details',NULL,NULL,'detail',10,4,4,NULL,NULL,NULL,NULL,0,NULL,NULL,NULL),(88,'浏览','pageview',NULL,NULL,'view',19,4,4,NULL,NULL,NULL,NULL,0,NULL,NULL,NULL),(89,'浏览','pageview',NULL,NULL,'view',20,4,4,34,36,NULL,NULL,0,NULL,NULL,NULL),(90,'添加礼包','add',NULL,NULL,'add',20,1,1,34,35,NULL,NULL,0,NULL,NULL,NULL),(91,'修改礼包','edit',NULL,NULL,'edit',20,2,1,34,35,NULL,37,0,NULL,NULL,NULL),(92,'删除礼包','delete',NULL,NULL,'delete',20,2,2,NULL,NULL,NULL,NULL,0,NULL,NULL,1),(93,'礼包详情','details',NULL,NULL,'detail',20,4,4,NULL,NULL,NULL,NULL,0,NULL,NULL,1),(94,'浏览','pageview',NULL,NULL,'view',22,4,4,NULL,NULL,NULL,NULL,0,NULL,NULL,0),(95,'浏览','pageview',NULL,NULL,'view',21,4,4,38,39,NULL,NULL,0,NULL,NULL,0),(96,'浏览','pageview',NULL,NULL,'view',23,4,4,NULL,NULL,NULL,NULL,0,NULL,NULL,0),(97,'浏览','pageview',NULL,NULL,'view',24,4,4,41,43,NULL,NULL,0,NULL,NULL,0),(107,'添加活动','add',NULL,NULL,'add',24,1,1,41,42,NULL,NULL,0,NULL,NULL,0),(108,'浏览','pageview',NULL,NULL,'view',25,4,4,NULL,NULL,NULL,NULL,0,NULL,NULL,0),(109,'浏览','pageview',NULL,NULL,'view',26,4,4,44,46,NULL,NULL,0,NULL,NULL,0),(110,'添加随机礼包','add',NULL,NULL,'add',26,1,1,44,45,NULL,NULL,0,NULL,NULL,0),(111,'编辑随机礼包','edit',NULL,NULL,'edit',26,2,1,44,45,NULL,NULL,0,NULL,NULL,0),(112,'删除随机礼包','delete',NULL,NULL,'delete',26,2,2,NULL,NULL,NULL,NULL,0,NULL,NULL,1),(113,'查看使用记录','restore',NULL,NULL,'restore',26,2,3,NULL,NULL,NULL,NULL,0,'#pages/record/:random_gift_id',NULL,0),(114,'浏览','pageview',NULL,NULL,'view',27,4,4,47,NULL,NULL,NULL,0,NULL,NULL,0),(115,'返回随机礼包列表','arrow_back',NULL,NULL,'back',27,1,3,NULL,NULL,NULL,NULL,0,'#pages/randow_gift_list',NULL,0),(116,'浏览','pageview',NULL,NULL,'view',28,4,4,NULL,NULL,NULL,NULL,0,NULL,NULL,0),(117,'详情','details',NULL,NULL,'detail-show',21,2,1,38,40,NULL,NULL,0,NULL,NULL,0),(118,'详情','details',NULL,NULL,'detail',21,4,4,NULL,NULL,NULL,NULL,0,NULL,NULL,1),(119,'详情','details',NULL,NULL,'detail',24,4,4,NULL,NULL,NULL,NULL,0,NULL,NULL,1),(120,'查看详情','details',NULL,NULL,'detail-show',24,2,1,41,72,NULL,NULL,0,NULL,NULL,1),(122,'通用命令','keyboard',NULL,NULL,'common',28,2,1,50,51,NULL,NULL,1,NULL,NULL,0),(123,'导出兑换码','import_export',NULL,NULL,'export',20,2,2,NULL,NULL,NULL,NULL,0,NULL,NULL,1),(124,'提交活动','done',NULL,NULL,'done',24,2,2,NULL,NULL,NULL,NULL,0,NULL,NULL,1),(125,'提交所有活动','done_all',NULL,NULL,'doneall',24,1,2,NULL,NULL,NULL,NULL,0,NULL,NULL,0),(126,'浏览','pageview',NULL,NULL,'view',29,4,4,52,54,NULL,NULL,0,NULL,NULL,0),(127,'添加','add',NULL,NULL,'add',29,1,1,52,53,NULL,NULL,0,NULL,NULL,0),(128,'修改','edit',NULL,NULL,'edit',29,2,1,52,53,NULL,NULL,0,NULL,NULL,0),(129,'删除','delete',NULL,NULL,'del',29,2,2,NULL,NULL,NULL,NULL,0,NULL,NULL,0),(130,'详情','details',NULL,NULL,'detail',29,4,4,NULL,NULL,NULL,NULL,0,NULL,NULL,0),(131,'删除','delete',NULL,NULL,'deltet',24,2,2,NULL,NULL,NULL,NULL,0,NULL,NULL,1),(132,'复制活动','content_copy',NULL,NULL,'content_copy',24,2,1,41,55,NULL,NULL,0,NULL,NULL,0),(133,'修改活动','edit',NULL,NULL,'edit',24,2,1,41,72,NULL,NULL,0,NULL,NULL,1),(134,'浏览','pageview',NULL,NULL,'view',30,4,4,56,57,NULL,NULL,0,NULL,NULL,0),(135,'全服奖励','gesture',NULL,NULL,'full-reward',28,2,1,50,59,NULL,NULL,0,NULL,NULL,0),(137,'玩家奖励','playlist_add',NULL,NULL,'player-reward',28,2,1,50,61,NULL,NULL,0,NULL,NULL,0),(138,'PVE全通','label_outline',NULL,NULL,'pve',30,2,2,NULL,NULL,NULL,NULL,0,NULL,NULL,1),(140,'修改船只属性','label_outline',NULL,NULL,'edit_ship',30,2,1,56,58,NULL,NULL,0,NULL,NULL,0),(141,'修改寻路','label_outline',NULL,NULL,'edit_road',30,2,1,56,62,NULL,NULL,0,NULL,NULL,0),(142,'开启舰队','label_outline',NULL,NULL,'open_shiplist',30,2,1,56,71,NULL,NULL,0,NULL,NULL,0),(143,'封停帐号','label_outline',NULL,NULL,'limit',30,2,1,56,63,NULL,NULL,0,NULL,NULL,0),(144,'游戏内禁言','label_outline',NULL,NULL,'limit_words',30,2,1,56,64,NULL,NULL,0,NULL,NULL,0),(147,'修改用户数据','label_outline',NULL,NULL,'edit_resource',30,2,1,56,65,NULL,NULL,0,NULL,NULL,0),(149,'添加任务','label_outline',NULL,NULL,'add_mission',30,2,1,56,66,NULL,NULL,0,NULL,NULL,0),(150,'完成任务','label_outline',NULL,NULL,'ok_mission',30,2,1,56,66,NULL,NULL,0,NULL,NULL,0),(152,'修改船只好感度','label_outline',NULL,NULL,'edit_degree',30,2,1,56,68,NULL,NULL,0,NULL,NULL,0),(153,'船只强化满','label_outline',NULL,NULL,'ship_allin',30,2,1,56,70,NULL,NULL,0,NULL,NULL,0),(154,'船只技能与等级修改','label_outline',NULL,NULL,'edit_ship_skill',30,2,1,56,69,NULL,NULL,0,NULL,NULL,0),(156,'查看礼包','details',NULL,NULL,'detail',20,2,1,34,35,NULL,NULL,0,NULL,NULL,0),(157,'提交礼包','done',NULL,NULL,'commit',20,2,2,NULL,NULL,NULL,NULL,0,NULL,NULL,1),(158,'追加礼包','add_circle_outline',NULL,NULL,'addto',20,2,1,34,73,NULL,NULL,0,NULL,NULL,0),(159,'复制随机礼包','content_copy',NULL,NULL,'copy',26,2,1,44,74,NULL,NULL,0,NULL,NULL,0),(160,'提交随机礼包','done',NULL,NULL,'commit',26,2,2,NULL,NULL,NULL,NULL,0,NULL,NULL,1),(161,'查看随机礼包','details',NULL,NULL,'details',26,2,1,44,45,NULL,NULL,0,NULL,NULL,0);
/*!40000 ALTER TABLE `action` ENABLE KEYS */;
UNLOCK TABLES;

--
-- Table structure for table `actioninterface`
--

DROP TABLE IF EXISTS `actioninterface`;
/*!40101 SET @saved_cs_client     = @@character_set_client */;
/*!40101 SET character_set_client = utf8 */;
CREATE TABLE `actioninterface` (
  `id` int(11) NOT NULL AUTO_INCREMENT,
  `actId` int(11) NOT NULL,
  `interfaceId` int(11) NOT NULL,
  `key` varchar(512) NOT NULL,
  PRIMARY KEY (`id`)
) ENGINE=InnoDB AUTO_INCREMENT=125 DEFAULT CHARSET=utf16;
/*!40101 SET character_set_client = @saved_cs_client */;

--
-- Dumping data for table `actioninterface`
--

LOCK TABLES `actioninterface` WRITE;
/*!40000 ALTER TABLE `actioninterface` DISABLE KEYS */;
INSERT INTO `actioninterface` VALUES (1,44,2,'query:'),(2,44,7,'count:count'),(4,45,3,'add:'),(5,47,6,'n:'),(6,46,8,'edit'),(7,51,17,'query:'),(8,51,18,'count:count'),(9,48,19,'add'),(10,49,20,'edit'),(11,50,21,'delete'),(12,19,12,'query:'),(13,19,13,'count:count'),(14,29,14,'add'),(15,32,15,'edit'),(16,33,16,'del'),(17,18,22,'query:'),(18,18,23,'count:count'),(19,22,24,'add'),(20,25,24,'add'),(21,26,25,'edit'),(23,53,29,'add'),(24,54,30,'edit'),(26,56,27,'query:'),(27,56,28,'count:count'),(28,63,32,'query:'),(29,63,33,'count:count'),(30,60,34,'add'),(31,61,36,'edit'),(37,62,35,'del'),(38,55,37,'delete-interfaces'),(40,55,31,'del'),(42,68,40,'add'),(43,69,41,'edit'),(44,70,42,'delete'),(45,71,38,'query:'),(46,71,39,'count:count'),(47,21,43,'query:'),(48,21,44,'count:count'),(49,34,45,'add'),(50,37,47,'del'),(51,38,48,'del-actions'),(52,38,46,'del'),(53,4,50,'query:'),(54,4,51,'count:count'),(55,1,52,'add'),(56,2,54,'edit'),(57,3,55,'del-groups'),(58,3,53,'del'),(59,74,63,'detail:'),(60,75,59,'detail:'),(61,76,58,'detail:'),(62,77,61,'detail:'),(63,78,57,'detail:'),(64,79,65,'detail:'),(65,80,62,'detail:'),(66,81,60,'detail:'),(67,82,64,'detail:'),(68,83,66,'query:gifts,count:total_count'),(69,84,68,'add'),(70,85,69,'edit'),(71,86,70,'del'),(72,87,67,'detail'),(73,27,71,'del-actions'),(74,27,26,'del'),(75,89,66,'query:gifts,count:total_count'),(76,90,68,'add'),(77,91,69,'edit'),(78,92,70,'delete'),(79,93,67,'detail'),(80,118,73,'detail'),(81,95,72,'query:used_gift_codes,count:total_count'),(82,97,74,'query:activitys,count:total_count'),(83,107,75,'add'),(84,119,76,'detail'),(85,109,77,'query:random_gifts,count:total_count'),(86,110,78,'add'),(87,111,79,'edit'),(88,112,80,'del'),(89,114,81,'query:used_random_gifts,count:total_count'),(90,122,88,'execute_a_command'),(91,123,90,'export'),(92,124,92,'commit'),(93,125,91,'commit_all'),(94,126,97,'query:'),(95,126,101,'count:count'),(96,127,98,'add'),(97,128,99,'edit'),(98,129,100,'del'),(99,131,102,'delete'),(100,132,75,'copy'),(101,133,103,'edit'),(102,134,108,'query:players,count:total_count'),(103,138,109,'pve'),(105,140,111,'ships_edit'),(107,136,107,'login_rewards'),(108,137,113,'user_rewards'),(109,141,116,'edit_path'),(110,143,119,'stop'),(111,144,120,'disabled-words'),(112,147,121,'eidt_resources'),(113,149,123,'player-add-task'),(114,150,124,'player_complete_task'),(116,152,127,'player_ship_degree'),(117,153,128,'player-ship_strengthen'),(118,154,129,'player_ship_skill'),(119,142,130,'player_open_fleet'),(120,135,105,'execute_all_rewards'),(121,157,135,'gt-gift-commit_a_gift'),(122,158,136,'gt-gift-addto_a_gift'),(123,159,78,'gt-randow-gift-copy'),(124,160,137,'gt-randow-gift-commit');
/*!40000 ALTER TABLE `actioninterface` ENABLE KEYS */;
UNLOCK TABLES;

--
-- Table structure for table `actor`
--

DROP TABLE IF EXISTS `actor`;
/*!40101 SET @saved_cs_client     = @@character_set_client */;
/*!40101 SET character_set_client = utf8 */;
CREATE TABLE `actor` (
  `aorId` int(11) NOT NULL AUTO_INCREMENT,
  `aorComment` varchar(512) DEFAULT NULL,
  `aorTitle` varchar(512) NOT NULL,
  `createAt` int(11) DEFAULT NULL,
  `updateAt` int(11) DEFAULT NULL,
  PRIMARY KEY (`aorId`),
  KEY `aorId` (`aorId`)
) ENGINE=InnoDB AUTO_INCREMENT=5 DEFAULT CHARSET=utf16;
/*!40101 SET character_set_client = @saved_cs_client */;

--
-- Dumping data for table `actor`
--

LOCK TABLES `actor` WRITE;
/*!40000 ALTER TABLE `actor` DISABLE KEYS */;
INSERT INTO `actor` VALUES (1,'管理员权限','管理员',NULL,NULL),(2,'只有钢铁的管理权限','钢铁管理组',NULL,NULL),(3,'GM、活动','钢铁少女运营组',NULL,NULL),(4,'查看活动','钢铁少女访客',NULL,NULL);
/*!40000 ALTER TABLE `actor` ENABLE KEYS */;
UNLOCK TABLES;

--
-- Table structure for table `actorgroup`
--

DROP TABLE IF EXISTS `actorgroup`;
/*!40101 SET @saved_cs_client     = @@character_set_client */;
/*!40101 SET character_set_client = utf8 */;
CREATE TABLE `actorgroup` (
  `agId` int(11) NOT NULL AUTO_INCREMENT,
  `groupId` int(11) NOT NULL,
  `aorId` int(11) NOT NULL,
  PRIMARY KEY (`agId`),
  KEY `agId` (`agId`)
) ENGINE=InnoDB AUTO_INCREMENT=20 DEFAULT CHARSET=utf16;
/*!40101 SET character_set_client = @saved_cs_client */;

--
-- Dumping data for table `actorgroup`
--

LOCK TABLES `actorgroup` WRITE;
/*!40000 ALTER TABLE `actorgroup` DISABLE KEYS */;
INSERT INTO `actorgroup` VALUES (14,12,1),(15,13,1),(16,13,2),(18,14,3),(19,15,4);
/*!40000 ALTER TABLE `actorgroup` ENABLE KEYS */;
UNLOCK TABLES;

--
-- Table structure for table `genre`
--

DROP TABLE IF EXISTS `genre`;
/*!40101 SET @saved_cs_client     = @@character_set_client */;
/*!40101 SET character_set_client = utf8 */;
CREATE TABLE `genre` (
  `genreId` int(11) NOT NULL AUTO_INCREMENT,
  `genreVal` varchar(512) NOT NULL,
  `genreTitle` varchar(512) NOT NULL,
  `genreType` int(11) NOT NULL,
  PRIMARY KEY (`genreId`),
  KEY `genreId` (`genreId`)
) ENGINE=InnoDB DEFAULT CHARSET=utf16;
/*!40101 SET character_set_client = @saved_cs_client */;

--
-- Dumping data for table `genre`
--

LOCK TABLES `genre` WRITE;
/*!40000 ALTER TABLE `genre` DISABLE KEYS */;
/*!40000 ALTER TABLE `genre` ENABLE KEYS */;
UNLOCK TABLES;

--
-- Table structure for table `group`
--

DROP TABLE IF EXISTS `group`;
/*!40101 SET @saved_cs_client     = @@character_set_client */;
/*!40101 SET character_set_client = utf8 */;
CREATE TABLE `group` (
  `groupId` int(11) NOT NULL AUTO_INCREMENT,
  `createAt` int(11) DEFAULT NULL,
  `updateAt` int(11) DEFAULT NULL,
  `groupTitle` varchar(512) NOT NULL,
  `groupComment` varchar(512) DEFAULT NULL,
  PRIMARY KEY (`groupId`),
  KEY `groupId` (`groupId`)
) ENGINE=InnoDB AUTO_INCREMENT=16 DEFAULT CHARSET=utf16;
/*!40101 SET character_set_client = @saved_cs_client */;

--
-- Dumping data for table `group`
--

LOCK TABLES `group` WRITE;
/*!40000 ALTER TABLE `group` DISABLE KEYS */;
INSERT INTO `group` VALUES (12,NULL,NULL,'管理员','管理员权限组'),(13,NULL,NULL,'钢铁权限管理组','钢铁权限管理组'),(14,NULL,NULL,'钢铁少女','GM命令、活动、兑换码'),(15,NULL,NULL,'钢铁少女访客','查看活动');
/*!40000 ALTER TABLE `group` ENABLE KEYS */;
UNLOCK TABLES;

--
-- Table structure for table `groupaction`
--

DROP TABLE IF EXISTS `groupaction`;
/*!40101 SET @saved_cs_client     = @@character_set_client */;
/*!40101 SET character_set_client = utf8 */;
CREATE TABLE `groupaction` (
  `gaId` int(11) NOT NULL AUTO_INCREMENT,
  `groupId` int(11) NOT NULL,
  `actId` varchar(512) NOT NULL,
  PRIMARY KEY (`gaId`),
  KEY `gaId` (`gaId`)
) ENGINE=InnoDB AUTO_INCREMENT=1942 DEFAULT CHARSET=utf16;
/*!40101 SET character_set_client = @saved_cs_client */;

--
-- Dumping data for table `groupaction`
--

LOCK TABLES `groupaction` WRITE;
/*!40000 ALTER TABLE `groupaction` DISABLE KEYS */;
INSERT INTO `groupaction` VALUES (807,12,'1'),(808,12,'2'),(809,12,'3'),(810,12,'17'),(811,12,'4'),(812,12,'6'),(813,12,'10'),(814,12,'11'),(815,12,'12'),(816,12,'16'),(817,12,'18'),(818,12,'19'),(819,12,'20'),(820,12,'21'),(821,12,'22'),(822,12,'23'),(823,12,'24'),(824,12,'25'),(825,12,'26'),(826,12,'27'),(827,12,'28'),(828,12,'29'),(829,12,'30'),(830,12,'31'),(831,12,'32'),(832,12,'33'),(833,12,'34'),(834,12,'35'),(835,12,'36'),(836,12,'37'),(837,12,'38'),(838,12,'39'),(839,12,'40'),(840,12,'41'),(841,12,'42'),(842,12,'43'),(843,12,'44'),(844,12,'45'),(845,12,'46'),(846,12,'47'),(847,12,'48'),(848,12,'49'),(849,12,'50'),(850,12,'51'),(851,12,'52'),(852,12,'53'),(853,12,'54'),(854,12,'55'),(855,12,'56'),(856,12,'57'),(857,12,'59'),(858,12,'60'),(859,12,'61'),(860,12,'62'),(861,12,'63'),(862,12,'68'),(863,12,'69'),(864,12,'70'),(865,12,'71'),(866,12,'74'),(867,12,'75'),(868,12,'76'),(869,12,'77'),(870,12,'78'),(871,12,'79'),(872,12,'80'),(873,12,'81'),(874,12,'82'),(1801,13,'16'),(1802,13,'83'),(1803,13,'84'),(1804,13,'91'),(1805,13,'92'),(1806,13,'93'),(1807,13,'85'),(1808,13,'86'),(1809,13,'87'),(1810,13,'88'),(1811,13,'89'),(1812,13,'90'),(1813,13,'94'),(1814,13,'95'),(1815,13,'96'),(1816,13,'97'),(1817,13,'107'),(1818,13,'108'),(1819,13,'109'),(1820,13,'110'),(1821,13,'111'),(1822,13,'112'),(1823,13,'114'),(1824,13,'115'),(1825,13,'116'),(1826,13,'117'),(1827,13,'118'),(1828,13,'119'),(1829,13,'120'),(1830,13,'122'),(1831,13,'123'),(1832,13,'124'),(1833,13,'125'),(1834,13,'126'),(1835,13,'127'),(1836,13,'128'),(1837,13,'129'),(1838,13,'130'),(1839,13,'131'),(1840,13,'132'),(1841,13,'133'),(1842,13,'134'),(1843,13,'135'),(1844,13,'136'),(1845,13,'137'),(1846,13,'138'),(1847,13,'139'),(1848,13,'140'),(1849,13,'141'),(1850,13,'142'),(1851,13,'143'),(1852,13,'144'),(1853,13,'145'),(1854,13,'146'),(1855,13,'147'),(1856,13,'148'),(1857,13,'149'),(1858,13,'150'),(1859,13,'151'),(1860,13,'152'),(1861,13,'153'),(1862,13,'154'),(1863,13,'155'),(1864,13,'156'),(1865,13,'157'),(1866,13,'158'),(1867,13,'159'),(1868,13,'160'),(1869,13,'161'),(1870,14,'16'),(1871,14,'88'),(1872,14,'89'),(1873,14,'90'),(1874,14,'91'),(1875,14,'92'),(1876,14,'93'),(1877,14,'94'),(1878,14,'95'),(1879,14,'96'),(1880,14,'97'),(1881,14,'107'),(1882,14,'108'),(1883,14,'109'),(1884,14,'110'),(1885,14,'111'),(1886,14,'112'),(1887,14,'114'),(1888,14,'115'),(1889,14,'116'),(1890,14,'117'),(1891,14,'118'),(1892,14,'119'),(1893,14,'120'),(1894,14,'122'),(1895,14,'123'),(1896,14,'124'),(1897,14,'125'),(1898,14,'126'),(1899,14,'127'),(1900,14,'128'),(1901,14,'129'),(1902,14,'130'),(1903,14,'131'),(1904,14,'132'),(1905,14,'133'),(1906,14,'134'),(1907,14,'135'),(1908,14,'136'),(1909,14,'137'),(1910,14,'138'),(1911,14,'139'),(1912,14,'140'),(1913,14,'141'),(1914,14,'142'),(1915,14,'143'),(1916,14,'144'),(1917,14,'145'),(1918,14,'146'),(1919,14,'147'),(1920,14,'148'),(1921,14,'149'),(1922,14,'150'),(1923,14,'151'),(1924,14,'152'),(1925,14,'153'),(1926,14,'154'),(1927,14,'156'),(1928,14,'157'),(1929,14,'158'),(1930,14,'159'),(1931,14,'160'),(1932,14,'161'),(1937,15,'16'),(1938,15,'88'),(1939,15,'96'),(1940,15,'97'),(1941,15,'107');
/*!40000 ALTER TABLE `groupaction` ENABLE KEYS */;
UNLOCK TABLES;

--
-- Table structure for table `interface`
--

DROP TABLE IF EXISTS `interface`;
/*!40101 SET @saved_cs_client     = @@character_set_client */;
/*!40101 SET character_set_client = utf8 */;
CREATE TABLE `interface` (
  `interfaceId` int(11) NOT NULL AUTO_INCREMENT,
  `interface` varchar(512) NOT NULL,
  `params` varchar(512) DEFAULT NULL,
  `isLocal` tinyint(1) DEFAULT NULL,
  `baseUrl` varchar(512) DEFAULT NULL,
  `type` varchar(512) NOT NULL,
  `title` varchar(512) NOT NULL,
  `port` int(11) DEFAULT NULL,
  `clearData` tinyint(1) DEFAULT NULL,
  PRIMARY KEY (`interfaceId`),
  KEY `title` (`title`(191))
) ENGINE=InnoDB AUTO_INCREMENT=138 DEFAULT CHARSET=utf16;
/*!40101 SET character_set_client = @saved_cs_client */;

--
-- Dumping data for table `interface`
--

LOCK TABLES `interface` WRITE;
/*!40000 ALTER TABLE `interface` DISABLE KEYS */;
INSERT INTO `interface` VALUES (2,'interfaces','filter:',1,'','GET','interfaces-fetch',NULL,NULL),(3,'interfaces',NULL,1,NULL,'POST','interfaces-add',NULL,NULL),(6,'interfaces/:interfaceId',NULL,1,NULL,'DELETE','interfaces-delete',NULL,NULL),(7,'interfaces/count','where:where',1,NULL,'GET','interfaces-count',NULL,NULL),(8,'interfaces/:interfaceId',NULL,1,NULL,'PUT','interfaces-edit',NULL,NULL),(12,'genres','filter:',1,'','GET','genres-fetch',NULL,NULL),(13,'genres/count','where:where',1,NULL,'GET','genres-count',NULL,NULL),(14,'genres',NULL,1,NULL,'POST','genres-add',NULL,NULL),(15,'genres/:genreId',NULL,1,NULL,'PUT','genres-edit',NULL,NULL),(16,'genres/:genreId',NULL,1,NULL,'DELETE','genres-delete',NULL,NULL),(17,'schemas','filter:',1,NULL,'GET','schemas-fetch',NULL,NULL),(18,'schemas/count','where:where',1,NULL,'GET','schemas-count',NULL,NULL),(19,'schemas',NULL,1,NULL,'POST','schemas-add',NULL,NULL),(20,'schemas/:schemaId',NULL,1,NULL,'PUT','schemas-edit',NULL,NULL),(21,'schemas/:schemaId',NULL,1,NULL,'DELETE','schemas-delete',NULL,NULL),(22,'menus','filter:',1,NULL,'GET','menus-fetch',NULL,NULL),(23,'menus/count','where:where',1,NULL,'GET','menus-count',NULL,NULL),(24,'menus/add',NULL,1,NULL,'POST','menus-add',NULL,NULL),(25,'menus/:menuId',NULL,1,NULL,'PUT','menus-edit',NULL,NULL),(26,'menus/:menuId',NULL,1,NULL,'DELETE','menus-delete',NULL,NULL),(27,'actions','filter:',1,NULL,'GET','actions-fetch',NULL,NULL),(28,'actions/count','where:where',1,NULL,'GET','actions-count',NULL,NULL),(29,'actions',NULL,1,NULL,'POST','actions-add',NULL,NULL),(30,'actions/:actId',NULL,1,NULL,'PUT','actions-edit',NULL,NULL),(31,'actions/:actId',NULL,1,NULL,'DELETE','actions-del',NULL,NULL),(32,'actioninterfaces','filter:',1,NULL,'GET','actioninterfaces-fetch',NULL,NULL),(33,'actioninterfaces/count','where:where',1,NULL,'GET','actioninterfaces-count',NULL,NULL),(34,'actioninterfaces',NULL,1,NULL,'POST','actioninterfaces-add',NULL,NULL),(35,'actioninterfaces/:id',NULL,1,NULL,'DELETE','actioninterfaces-del',NULL,NULL),(36,'actioninterfaces/:id',NULL,1,NULL,'PUT','actioninterfaces-edit',NULL,NULL),(37,'actions/:actId/actioninterfaces',NULL,1,NULL,'DELETE','actions-delete-interface',NULL,NULL),(38,'people','filter:',1,NULL,'GET','people-query',NULL,NULL),(39,'people/count','where:where',1,NULL,'GET','people-count',NULL,NULL),(40,'people',NULL,1,NULL,'POST','people-add',NULL,NULL),(41,'people/:personId',NULL,1,NULL,'PUT','people-edit',NULL,NULL),(42,'people/:personId',NULL,1,NULL,'DELETE','people-delete',NULL,NULL),(43,'groups','filter:',1,NULL,'GET','group-fetch',NULL,NULL),(44,'groups/count','where:where',1,NULL,'GET','group-count',NULL,NULL),(45,'groups',NULL,1,NULL,'POST','group-add',NULL,NULL),(46,'groups/:groupId',NULL,1,NULL,'DELETE','group-del',NULL,NULL),(47,'groups/:groupId',NULL,1,NULL,'PUT','group-edit',NULL,NULL),(48,'groups/:groupId/groupactions',NULL,1,NULL,'DELETE','group-del-actions',NULL,NULL),(49,'groups/save/:groupId',NULL,1,NULL,'POST','group-save-actions',NULL,NULL),(50,'actors','filter:',1,NULL,'GET','actor-query',NULL,NULL),(51,'actors/count','where:where',1,NULL,'GET','actor-count',NULL,NULL),(52,'actors',NULL,1,NULL,'POST','actor-add',NULL,NULL),(53,'actors/:aorId',NULL,1,NULL,'DELETE','actor-del',NULL,NULL),(54,'actors/:aorId',NULL,1,NULL,'PUT','actoredit',NULL,NULL),(55,'actors/:aorId/actorgroups',NULL,1,NULL,'DELETE','actor-del-groups',NULL,NULL),(56,'actorgroups/save/:aorId',NULL,1,NULL,'POST','save-actor-groups',NULL,NULL),(57,'interfaces/:interfaceId',NULL,1,NULL,'GET','interfaces-detail',NULL,NULL),(58,'actioninterfaces/:id',NULL,1,NULL,'GET','actioninterfaces-detail',NULL,NULL),(59,'actions/:actId',NULL,1,NULL,'GET','actions-detail',NULL,NULL),(60,'actors/:aorId',NULL,1,NULL,'GET','actors-detail',NULL,NULL),(61,'genres/:genreId',NULL,1,NULL,'GET','genres-detail',NULL,NULL),(62,'groups/:groupId',NULL,1,NULL,'GET','groups-detail',NULL,NULL),(63,'menus/:menuId',NULL,1,NULL,'GET','menus-detail',NULL,NULL),(64,'people/:personId',NULL,1,NULL,'GET','people-detail',NULL,NULL),(65,'schemas/:schemaId',NULL,1,NULL,'GET','schema-detail',NULL,NULL),(66,'/api/list_gifts','where.platform,where.partly_title,where.group,where.is_deleted,where.start_at_i,where.end_at_i,page,per_page',0,'','GET','gt-gift-fetch',8080,0),(67,'/api/show_a_gift','gift_id',0,'','GET','gt-gift-detail',8080,NULL),(68,'/api/add_a_gift',NULL,0,'','POST','gt-gift-add',8080,NULL),(69,'/api/update_a_gift',NULL,0,'','POST','gt-gift-edit',8080,NULL),(70,'/api/del_a_gift','',0,'','POST','gt-gift-delete',8080,0),(71,'menus/:menuId/actions',NULL,1,NULL,'DELETE','menus-del-actions',NULL,NULL),(72,'/api/list_used_gift_codes','where.gift_id,where.gift_code,where.gift_title,page,per_page',0,'','GET','gt-code-fetch',8080,0),(73,'/api/seek_a_gift_code','gift_code',0,'','GET','gt-code-detail',8080,1),(74,'/api/list_activities','where.status,page,per_page',0,'','GET','gt-activity-fetch',8080,0),(75,'/api/add_activity',NULL,0,'','POST','gt-activity-add',8080,0),(76,'/api/activity_detail','id',0,'','GET','gt-activity-detail',8080,0),(77,'/api/list_random_gifts','where.partly_title,where.is_deleted,where.is_commit,page,per_page, partly_title,is_commit',0,'','GET','gt-randow-gift-fetch',8080,0),(78,'/api/add_a_random_gift',NULL,0,'','POST','gt-randow-gift-add',8080,0),(79,'/api/update_a_random_gift',NULL,0,'','POST','gt-randow-gift-edit',8080,0),(80,'/api/del_a_random_gift',NULL,0,'','POST','gt-randow-gift-del',8080,0),(81,'/api/list_used_random_gifts','where.random_gift_id,page,per_page',0,'','GET','gt-randow-gift-record',8080,0),(82,'/api/passport_admin/list_nicknames','filter_nickname',0,'pt.p7game.com','GET','nickname-search',80,0),(83,'/api/product_list','page,per_page,product_name',0,'','GET','gt-fetch-products',8080,0),(84,'/api/item_list','page,per_page,item_name',0,'','GET','gt-fetch-items',8080,0),(85,'/api/equipment_list','page,per_page,equipment_name',0,'','GET','gt-fetch-equipments',8080,0),(86,'/api/ship_list','page,per_page,ship_name',0,'','GET','gt-fetch-ships',8080,0),(87,'/api/list_resources',NULL,0,'','GET','gt-fetch-resource',8080,0),(88,'/api/execute_a_command',NULL,0,'','POST','execute_gm_command',8080,0),(89,'/api/list_commands',NULL,0,'','GET','gt-fetchcommand',8080,0),(90,'/api/export_used_gift_codes','gift_id',0,'','GET','gt-gift-export',8080,0),(91,'/api/commit_all_activity',NULL,0,'','POST','gt-activity-commitall',8080,0),(92,'/api/commit_activity','',0,'','POST','gt-activity-commit',8080,0),(93,'/api/stage_list','stage_name',0,'','GET','gt-fetch-stages',8080,0),(94,'/api/special_product_list','sp_name',0,'','GET','gt-fetch-specialProducts',8080,0),(95,'/api/productofshop_list','product_name',0,'','GET','gt-fetch-shoplist',8080,0),(96,'/api/buildtype_list','type_name',0,'','GET','gt-fetch-buildtype',8080,0),(97,'servers','filter:',1,NULL,'GET','servers-fetch',NULL,0),(98,'servers',NULL,1,NULL,'POST','servers-add',NULL,0),(99,'servers/:serID',NULL,1,NULL,'PUT','servers-edit',NULL,0),(100,'servers/:serID',NULL,1,NULL,'DELETE','servers-del',NULL,0),(101,'servers/count','where:where',1,NULL,'GET','servers-count',NULL,0),(102,'/api/del_activity','id',0,'','POST','gt-activity-del',8080,0),(103,'/api/update_a_activity',NULL,0,NULL,'POST','gt-activity-edit',NULL,0),(104,'/api/battle_list','battle_name',0,NULL,'GET','gt-fetch-battles',NULL,0),(105,'/api/execute_all_rewards',NULL,0,NULL,'POST','gt-gm-execute_all_rewards',NULL,0),(106,'/api/execute_users_rewards',NULL,0,NULL,'POST','gt-gm-execute_users_rewards',NULL,0),(107,'/api/execute_login_rewards',NULL,0,NULL,'POST','gt-gm-execute_login_rewards',NULL,0),(108,'/api/list_players','where.player_name,where.player_id,page,per_page,player_name',0,NULL,'GET','gt-list_players',NULL,0),(109,'/api/player_pve',NULL,0,NULL,'POST','gt-player-player_pve',NULL,0),(110,'/api/player_control',NULL,0,NULL,'POST','gt-player-player_control',NULL,0),(111,'/api/player_ships_edit',NULL,0,NULL,'POST','gt-player-player_ships_edit',NULL,0),(112,'/api/player_skip_beginners_task',NULL,0,NULL,'POST','gt-player_skip_beginners_task',NULL,0),(113,'/api/execute_users_rewards',NULL,0,NULL,'POST','gt-gm-execute_users_rewards',NULL,0),(114,'/api/get_all_ship_items','fleet_name,uid,ship_name',0,NULL,'GET','gm-player_ships',NULL,0),(115,'/api/prop_list','prop_name,ship',0,NULL,'GET','gt-player-prop_list',NULL,0),(116,'/api/player_edit_path',NULL,0,NULL,'POST','gt-player-edit_path',NULL,0),(117,'/api/map_list','map_name',0,NULL,'GET','gt-list_maps',NULL,0),(118,'/api/path_list','path_name,map_id',0,NULL,'GET','gt-list_path',NULL,0),(119,'/api/player_stop',NULL,0,NULL,'POST','gt-player-stop',NULL,0),(120,'/api/player_disabled_words',NULL,0,NULL,'POST','gt-player-disabled-words',NULL,0),(121,'/api/player_edit_resources',NULL,0,NULL,'POST','gt-player-eidt_resources',NULL,0),(123,'/api/player_add_task',NULL,0,NULL,'POST','gt-player_add_task',NULL,0),(124,'/api/player_complete_task',NULL,0,NULL,'POST','gt-player_complete_task',NULL,0),(125,'/api/task_list','task_name',0,NULL,'GET','gt-list_task',NULL,0),(126,'/api/player_recharge',NULL,0,NULL,'POST','gt-player_recharge',NULL,0),(127,'/api/player_ship_degree',NULL,0,NULL,'POST','gt-player_ship_degree',NULL,0),(128,'/api/player_ship_strengthen',NULL,0,NULL,'POST','gt-player_ship_strengthen',NULL,0),(129,'/api/player_ship_skill',NULL,0,NULL,'POST','gt-player_ship_skill',NULL,0),(130,'/api/player_open_fleet',NULL,0,NULL,'POST','gt-player_open_fleet',NULL,0),(131,'/api/fleet_list','fleet_name,uid',0,NULL,'GET','gt-list_fleet',NULL,0),(132,'/api/ship_skill_list',NULL,0,NULL,'POST','gt-player-ship_skill_list',NULL,0),(133,'/api/player_disabled_words',NULL,0,NULL,'POST','gt-player_disabled_words',NULL,0),(134,'/api/get_all_ship_items',NULL,0,NULL,'POST','gt-list-get_all_ship_items',NULL,0),(135,'/api/commit_a_gift',NULL,0,NULL,'POST','gt-gift-commit_a_gift',NULL,0),(136,'/api/addto_a_gift',NULL,0,NULL,'POST','gt-gift-addto_a_gift',NULL,0),(137,'/api/commit_a_random_gift',NULL,0,NULL,'POST','gt-randow-gift-commit',NULL,0);
/*!40000 ALTER TABLE `interface` ENABLE KEYS */;
UNLOCK TABLES;

--
-- Table structure for table `menu`
--

DROP TABLE IF EXISTS `menu`;
/*!40101 SET @saved_cs_client     = @@character_set_client */;
/*!40101 SET character_set_client = utf8 */;
CREATE TABLE `menu` (
  `menuId` int(11) NOT NULL AUTO_INCREMENT,
  `menuTitle` varchar(512) NOT NULL,
  `menuIcon` varchar(512) DEFAULT NULL,
  `menuLink` varchar(512) DEFAULT NULL,
  `lft` int(11) DEFAULT NULL,
  `rgt` int(13) DEFAULT NULL,
  `createAt` int(13) DEFAULT NULL,
  `updateAt` int(11) DEFAULT NULL,
  `menuParentId` int(11) DEFAULT NULL,
  `menuType` int(11) NOT NULL,
  `menuShow` tinyint(1) DEFAULT NULL,
  `menuKey` varchar(512) DEFAULT NULL,
  `columns` text,
  PRIMARY KEY (`menuId`),
  KEY `menuKey` (`menuKey`(191))
) ENGINE=InnoDB AUTO_INCREMENT=31 DEFAULT CHARSET=utf16;
/*!40101 SET character_set_client = @saved_cs_client */;

--
-- Dumping data for table `menu`
--

LOCK TABLES `menu` WRITE;
/*!40000 ALTER TABLE `menu` DISABLE KEYS */;
INSERT INTO `menu` VALUES (1,'GM系统','domain',NULL,1,50,2147483647,2147483647,0,0,1,'permiss_sy',NULL),(2,'系统设置','settings',NULL,2,15,2147483647,2147483647,1,0,1,'settings',NULL),(3,'模块管理','view_module','#/pages/module',3,4,2147483647,2147483647,2,0,1,'module','[{\"name\":\"ID\",\"template\":\"item.menuId\"},{\"name\":\"名称\",\"template\":\"item.menuTitle\"},{\"name\":\"KEY\",\"template\":\"item.menuKey\"},{\"name\":\"图标\",\"template\":\"<ng-md-icon icon=\\\"{{item.menuIcon}}\\\"></ng-md-icon>\"},{\"name\":\"链接\",\"template\":\"item.menuLink\"},{\"name\":\"lft\",\"template\":\"item.lft\"},{\"name\":\"rgt\",\"template\":\"item.rgt\"}]'),(5,'权限设置','apps',NULL,16,21,2147483647,2147483647,1,0,1,'permiss',NULL),(6,'权限组管理','group','#/pages/group',17,18,2147483647,2147483647,5,0,1,'group','[{\"name\":\"ID\",\"template\":\"item.groupId\"},{\"name\":\"名称\",\"template\":\"item.groupTitle\"},{\"name\":\"简介\",\"template\":\"item.groupComment\"}]'),(7,'角色管理','people_outline','#/pages/actor',19,20,2147483647,2147483647,5,0,1,'actor','[{\"name\":\"ID\",\"template\":\"item.aorId\"},{\"name\":\"名称\",\"template\":\"item.aorTitle\"},{\"name\":\"简介\",\"template\":\"item.aorComment\"}]'),(8,'操作管理','note_add','',5,8,2147483647,2147483647,2,0,0,'action','[{\"name\":\"ID\",\"template\":\"item.actId\"},{\"name\":\"KEY\",\"template\":\"item.actKey\"},{\"name\":\"名称\",\"template\":\"item.actTitle\"},{\"name\":\"图标\",\"template\":\"<ng-md-icon icon=\\\"{{item.actIcon}}\\\"></ng-md-icon>\"}]'),(9,'用户设置','person','',22,25,2147483647,2147483647,1,0,1,'person_set',NULL),(10,'用户管理','person_outline','#/pages/person',23,24,2147483647,2147483647,9,0,1,'person','[{\"name\":\"ID\",\"template\":\"item.personId\"},{\"name\":\"昵称\",\"template\":\"item.nickname\"},{\"name\":\"权限组\",\"template\":\"item.actor.aorTitle\"}]'),(11,'类别设置','class','#/pages/genre',9,10,2147483647,2147483647,2,0,0,'genre','[{\"name\":\"ID\",\"template\":\"item.genreId\"},{\"name\":\"名称\",\"template\":\"item.genreTitle\"},{\"name\":\"值\",\"template\":\"item.genreVal\"}]'),(13,'接口设置','extension','#/pages/interface',11,12,2147483647,2147483647,2,0,1,'interface','[{\"name\":\"ID\",\"template\":\"item.interfaceId\"},{\"name\":\"接口地址\",\"template\":\"item.baseUrl\"},{\"name\":\"接口\",\"template\":\"item.interface\"},{\"name\":\"类型\",\"template\":\"item.type\"},{\"name\":\"是否本地接口\",\"template\":\"<ng-md-icon icon=\\\"{{item.isLocal?\'done\':\'clear\'}}\\\"></ng-md-icon>\"},{\"name\":\"接口标题\",\"template\":\"item.title\"}]'),(14,'SCHEMA设置','wallet_giftcard','#/pages/schema',13,14,2147483647,2147483647,2,0,1,'schema','[{\"name\":\"ID\",\"template\":\"item.schemaId\"},{\"template\":\"item.key\",\"name\":\"KEY\"}]'),(16,'操作的接口','extension','',6,7,2147483647,2147483647,8,0,0,'actioninterface','[{\"name\":\"ID\",\"template\":\"item.id\"},{\"name\":\"操作ID\",\"template\":\"item.actId\"},{\"name\":\"接口ID\",\"template\":\"item.interfaceId\"},{\"name\":\"KEY\",\"template\":\"item.key\"}]'),(19,'钢铁','games',NULL,26,49,2147483647,2147483647,1,0,1,'gangtie',NULL),(20,'礼包列表','play_shopping_bag','#/pages/gift',28,29,2147483647,2147483647,22,0,1,'gift','[{\"name\":\"礼包ID\",\"template\":\"item.gift_id\"},{\"template\":\"item.title\",\"name\":\"礼包名称\"},{\"name\":\"兑换码数量\",\"template\":\"item. codes_count\"},{\"name\":\"开始时间\",\"template\":\"item.start_at_i\"},{\"name\":\"结束时间\",\"template\":\"item.end_at_i\"},{\"name\":\"使用类型\",\"template\":\"item.limit_per_player\"},{\"name\":\"标签\",\"template\":\"item.group\"},{\"name\":\"是否提交\",\"template\":\"<ng-md-icon icon=\\\"{{ item.is_commit?\'done\':\'clear\' }}\\\"></ng-md-icon>\"}]'),(21,'兑换码查询','gps_not_fixed','#/pages/code',30,31,2147483647,2147483647,22,0,1,'code','[{\"name\":\"兑换码\",\"template\":\"item.gift_code\"},{\"name\":\"是否使用\",\"template\":\"<ng-md-icon icon=\\\"{{item.rewards.length?\'done\':\'close\'}}\\\"></ng-md-icon>\"},{\"name\":\"玩家ID\",\"template\":\"item.uid\"},{\"name\":\"使用时间\",\"template\":\"item.create_at_i\"},{\"name\":\"礼包ID\",\"template\":\"item.gift_id\"},{\"name\":\"礼包名称\",\"template\":\"item.gift_title\"},{\"name\":\"开始时间\",\"template\":\"item.start_at_i\"},{\"name\":\"结束时间\",\"template\":\"item.end_at_i\"}]'),(22,'礼包管理','shop_two',NULL,27,32,2147483647,2147483647,19,0,1,'giftm',NULL),(23,'活动管理','camera_roll',NULL,33,36,2147483647,2147483647,19,0,1,'activities',NULL),(24,'活动列表','collections','#/pages/activity',34,35,2147483647,2147483647,23,0,1,'activity','[{\"name\":\"序号\",\"template\":\"$index+query.offset\"},{\"name\":\"活动名称\",\"template\":\"item.name\"},{\"name\":\"活动类型\",\"template\":\"item. sub_type\"},{\"name\":\"活动状态\",\"template\":\"item.status\"},{\"name\":\"开始时间\",\"template\":\"item.start_at_i\"},{\"name\":\"结束时间\",\"template\":\"item.end_at_i\"},{\"template\":\"item.updated_at_i || stringDate\",\"name\":\"最后修改时间\"}]'),(25,'随机礼包','gradient','',37,42,2147483647,2147483647,19,0,1,'randow_gift',NULL),(26,'随机礼包列表','grain','#/pages/randow_gift_list',38,41,2147483647,2147483647,25,0,1,'randow_gift_list','[{\"template\":\"item.random_gift_id\",\"name\":\"随机礼包ID\"},{\"name\":\"礼包名称\",\"template\":\"item.title\"},{\"name\":\"礼包内容\",\"template\":\"<span ng-repeat=\\\"reward in item.rewards\\\">{{ reward.type2_obj.title || reward.type2_obj.item_name || reward.type2_obj.equipment_name  || reward.type2_obj.item_name  || reward.type2_obj.ship_name}}|{{reward.count}}|{{reward.percent}}{{ $last?\'\':\'、\' }}</span>\"},{\"template\":\"<ng-md-icon icon=\\\"{{ item.is_commit?\'done\':\'clear\' }}\\\"></ng-md-icon>\",\"name\":\"是否提交\"}]'),(27,'随机礼包使用记录',NULL,'#/pages/record',39,40,2147483647,2147483647,26,0,0,'record','[{\"name\":\"礼包ID\",\"template\":\"item.random_gift_id\"}]'),(28,'GM命令','pages','#/command/command',43,44,2147483647,2147483647,19,0,1,'command',NULL),(29,'服务器设置','computer','#/pages/servers',45,46,2147483647,2147483647,19,0,1,'servers','[{\"name\":\"ID\",\"template\":\"item.serID\"},{\"name\":\"服务器地址\",\"template\":\"item.serAddress\"},{\"name\":\"协议\",\"template\":\"item.serProtocol\"},{\"name\":\"端口\",\"template\":\"item.serPort\"},{\"name\":\"服务器名称\",\"template\":\"item.serName\"},{\"name\":\"是否是默认服务器\",\"template\":\"<ng-md-icon icon=\\\"{{item.isDefault?\'done\':\'close\'}}\\\"></ng-md-icon>\"}]'),(30,'玩家管理','nature_people','#/pages/players',47,48,NULL,NULL,19,0,1,'players','[{\"name\":\"UID\",\"template\":\"item.uid\"},{\"name\":\"用户昵称\",\"template\":\"item.nickname\"},{\"name\":\"弹\",\"template\":\"item. bullet\"},{\"name\":\"钢\",\"template\":\"item.iron\"},{\"name\":\"铝\",\"template\":\"item.aluminium\"},{\"name\":\"油\",\"template\":\"item.oil\"},{\"name\":\"等级\",\"template\":\"item.level\"},{\"template\":\"item.handbook\",\"name\":\"handbook\"},{\"template\":\"item.double\",\"name\":\"双倍\"},{\"name\":\"限制时间\",\"template\":\"item.limit\"},{\"name\":\"stop\",\"template\":\"item.stop\"}]');
/*!40000 ALTER TABLE `menu` ENABLE KEYS */;
UNLOCK TABLES;

--
-- Table structure for table `person`
--

DROP TABLE IF EXISTS `person`;
/*!40101 SET @saved_cs_client     = @@character_set_client */;
/*!40101 SET character_set_client = utf8 */;
CREATE TABLE `person` (
  `personId` int(11) NOT NULL AUTO_INCREMENT,
  `nickname` varchar(512) NOT NULL,
  `userToken` varchar(512) NOT NULL,
  `aorId` int(11) NOT NULL,
  PRIMARY KEY (`personId`),
  KEY `nickname` (`nickname`(191)),
  KEY `aorId` (`aorId`)
) ENGINE=InnoDB AUTO_INCREMENT=16 DEFAULT CHARSET=utf16;
/*!40101 SET character_set_client = @saved_cs_client */;

--
-- Dumping data for table `person`
--

LOCK TABLES `person` WRITE;
/*!40000 ALTER TABLE `person` DISABLE KEYS */;
INSERT INTO `person` VALUES (6,'NICKTYUI','3WSeLETEB8_45gcOa0VExw',1),(8,'wldymt','VzvtNkuzwNWyJ9DTm7Ma0w',1),(9,'陈耿文','mNvebZf52-9y_RaKEIvUMA',3),(10,'gangtieAdmin','TppGjUmW5CTff5FdX4oFKA',1),(11,'任安','8F0gyjEkSd7dwJC5QIFSHA',3),(12,'小顾','GnkQm6PYAIRJjOl2dJ2qGw',3),(13,'erwin','Z4Ee2w4kbZG0ctn9T_OUwg',4),(14,'follow','Kmtz2xA5W3FQLQ7pHsLYYQ',1),(15,'舰炮所指即真理所及','pjn6nM0bi6C6Jp8pIHc0zA',1);
/*!40000 ALTER TABLE `person` ENABLE KEYS */;
UNLOCK TABLES;

--
-- Table structure for table `schema`
--

DROP TABLE IF EXISTS `schema`;
/*!40101 SET @saved_cs_client     = @@character_set_client */;
/*!40101 SET character_set_client = utf8 */;
CREATE TABLE `schema` (
  `schemaId` tinyint(1) NOT NULL AUTO_INCREMENT,
  `schema` mediumtext NOT NULL,
  `key` varchar(512) NOT NULL,
  PRIMARY KEY (`schemaId`),
  KEY `key` (`key`(191))
) ENGINE=InnoDB AUTO_INCREMENT=75 DEFAULT CHARSET=utf16;
/*!40101 SET character_set_client = @saved_cs_client */;

--
-- Dumping data for table `schema`
--

LOCK TABLES `schema` WRITE;
/*!40000 ALTER TABLE `schema` DISABLE KEYS */;
INSERT INTO `schema` VALUES (1,'{\"type\":\"object\",\"order\":\"title\",\"required\":[\"interface\",\"type\",\"title\"],\"properties\":{\"interfaceId\":{\"type\":\"number\"},\"interface\":{\"type\":\"string\"},\"params\":{\"type\":\"string\"},\"isLocal\":{\"type\":\"boolean\"},\"clearData\":{\"type\":\"boolean\"},\"baseUrl\":{\"type\":\"string\"},\"port\":{\"type\":\"number\"},\"type\":{\"type\":\"string\"},\"title\":{\"type\":\"string\"}},\"description\":\"interface的schema类型\"}','interface'),(3,'{\"form\":[{\"key\":\"baseUrl\",\"type\":\"text\"},{\"key\":\"port\",\"type\":\"number\"},{\"key\":\"interface\",\"type\":\"text\"},{\"key\":\"type\",\"type\":\"select\",\"titleMap\":[{\"name\":\"GET\",\"value\":\"GET\"},{\"name\":\"POST\",\"value\":\"POST\"},{\"name\":\"DELETE\",\"value\":\"DELETE\"},{\"name\":\"PUT\",\"value\":\"PUT\"}]},{\"key\":\"title\",\"type\":\"text\"},{\"key\":\"params\",\"type\":\"text\"},{\"key\":\"isLocal\",\"type\":\"checkbox\"},{\"key\":\"clearData\",\"type\":\"checkbox\"}]}','interface_add&edit'),(4,'{\n  \"form\": [\n    {\n      \"key\": \"title\",\n      \"required\": false,\n      \"copyValueTo\": [\n        \"r-title.like\"\n      ],\n      \"type\": \"text\"\n    },\n    {\n      \"key\": \"isLocal\",\n      \"required\": false,\n      \"copyValueTo\": [\n        \"r-isLocal\"\n      ],\n      \"type\": \"checkbox\"\n    }\n  ]\n}','interface-search'),(5,'{\n  \"type\": \"object\",\n  \"required\": [\n    \"schema\",\n    \"key\"\n  ],\n  \"properties\": {\n    \"schemaId\": {\n      \"type\": \"number\"\n    },\n    \"schema\": {\n      \"type\": \"string\",\n      \"title\": \"SCHEMA\",\n      \"format\":\"json\"\n    },\n    \"key\": {\n      \"type\": \"string\",\n      \"title\": \"KEY\"\n    }\n  }\n}','schema'),(6,'{\"form\":[{\"key\":\"key\",\"type\":\"text\"},{\"key\":\"schema\",\"htmlClass\":\"layout-column\",\"type\":\"jsoneditor\",\"preferText\":true,\"jsonOptions\":{\"mode\":\"tree\",\"modes\":[\"tree\",\"code\"]}}]}','schema-add&edit'),(7,'{\"form\":[{\"key\":\"key\",\"required\":\"false\",\"copyValueTo\":[\"r-key.like\"],\"type\":\"text\"}]}','schema-search'),(10,'{\"type\":\"object\",\"required\":[\"genreVal\",\"genreTitle\",\"genreType\"],\"properties\":{\"genreId\":{\"type\":\"number\"},\"genreVal\":{\"type\":\"string\",\"required\":\"true\"},\"genreTitle\":{\"type\":\"string\",\"required\":\"true\"},\"genreType\":{\"type\":\"number\",\"required\":\"true\"}}}','genre'),(11,'{\"form\":[{\"key\":\"genreTitle\",\"type\":\"text\"},{\"key\":\"genreVal\",\"type\":\"text\"},{\"key\":\"genreType\",\"type\":\"number\"}]}','genre-add&edit'),(12,'{\"form\":[{\"key\":\"genreTitle\",\"copyValueTo\":[\"r-genreTitle.like\"],\"type\":\"text\"}]}','genre-search'),(13,'{\n  \"type\": \"object\",\n  \"required\": [\n    \"menuType\",\n    \"menuKey\",\n    \"menuType\",\n    \"menuTitle\"\n  ],\n  \"order\": \"lft\",\n  \"limit\": \"50\",\n  \"properties\": {\n    \"createAt\": {\n      \"type\": \"number\"\n    },\n    \"lft\": {\n      \"type\": \"number\"\n    },\n    \"menuIcon\": {\n      \"type\": \"string\"\n    },\n    \"menuId\": {\n      \"type\": \"number\"\n    },\n    \"menuLink\": {\n      \"type\": \"string\"\n    },\n    \"menuParentId\": {\n      \"type\": \"number\"\n    },\n    \"menuTitle\": {\n      \"type\": \"string\",\n      \"title\": \"模块名称\"\n    },\n    \"menuType\": {\n      \"type\": \"number\"\n    },\n    \"rgt\": {\n      \"type\": \"number\"\n    },\n    \"updateAt\": {\n      \"type\": \"number\"\n    },\n    \"menuShow\": {\n      \"type\": \"boolean\"\n    },\n    \"menuKey\": {\n      \"type\": \"string\"\n    },\n    \"columns\": {\n      \"type\": \"array\",\n      \"items\": {\n        \"type\": \"object\",\n        \"required\": [\n          \"name\",\n          \"template\"\n        ],\n        \"properties\": {\n          \"name\": {\n            \"type\": \"string\",\n            \"maxLength\": \"20\"\n          },\n          \"template\": {\n            \"type\": \"string\",\n            \"maxLength\": \"500\"\n          }\n        }\n      }\n    }\n  }\n}','menu'),(14,'{\n  \"form\": [\n    {\n      \"key\": \"menuTitle\",\n      \"type\": \"text\"\n    },\n    {\n      \"key\": \"menuIcon\",\n      \"type\": \"text\"\n    },\n    {\n      \"key\": \"menuLink\",\n      \"type\": \"text\"\n    },\n    {\n      \"key\": \"menuKey\",\n      \"type\": \"text\"\n    },\n    {\n      \"key\": \"menuShow\",\n      \"type\": \"checkbox\"\n    },\n    {\n      \"key\": \"columns\",\n      \"type\": \"array\",\n      \"sectionClass\": \"layout-column\",\n      \"startEmpty\": true,\n      \"items\": [\n        {\n          \"key\": \"columns[].name\",\n          \"fieldClass\": \"flex layout-column\"\n        },\n        {\n          \"key\": \"columns[].template\",\n          \"fieldClass\": \"flex layout-column\"\n        }\n      ]\n    },\n    {\n      \"key\": \"menuParentId\",\n      \"type\": \"number\",\n      \"readonly\": true\n    }\n  ]\n}','menu-add&edit'),(15,'{\"form\":[{\"key\":\"menuTitle\",\"required\":\"false\",\"type\":\"text\",\"copyValueTo\":[\"r-menuTitle.like\"]}]}','menu-search'),(17,'{\"menuParentId\":{\"key\":\"menuId\",\"source\":\"currentItem\",\"type\":\"number\",\"defaultTo\":\"0\"},\"menuType\":{\"source\":\"currentItem\",\"defaultTo\":\"0\"}}','menu-data'),(18,'{\"type\":\"object\",\"query\":{\"menuId\":\"one\"},\"required\":[\"actTitle\",\"actIcon\",\"actKey\",\"actKey\",\"optType\"],\"properties\":{\"actId\":{\"type\":\"number\"},\"actTitle\":{\"type\":\"string\"},\"actIcon\":{\"type\":\"string\"},\"actKey\":{\"type\":\"string\"},\"actType\":{\"type\":\"string\"},\"optType\":{\"type\":\"string\"},\"schemaId\":{\"type\":\"number\"},\"schemaFormId\":{\"type\":\"number\"},\"schemaDataId\":{\"type\":\"number\"},\"clearCurrentItem\":{\"type\":\"boolean\"},\"jumpUrl\":{\"type\":\"string\"},\"templateUrl\":{\"type\":\"string\"},\"controller\":{\"type\":\"string\"},\"needData\":{\"type\":\"boolean\"}}}','actions'),(19,'{\n  \"form\": [\n    {\n      \"key\": \"actTitle\",\n      \"type\": \"text\"\n    },\n    {\n      \"key\": \"actKey\",\n      \"type\": \"text\"\n    },\n    {\n      \"key\": \"actIcon\",\n      \"type\": \"text\"\n    },\n    {\n      \"key\": \"actType\",\n      \"type\": \"select\",\n      \"titleMap\": [\n        {\n          \"name\": \"顶级菜单\",\n          \"value\": \"1\"\n        },\n        {\n          \"name\": \"单个item菜单\",\n          \"value\": \"2\"\n        },\n        {\n          \"name\": \"多选菜单\",\n          \"value\": \"3\"\n        },\n        {\n          \"name\": \"系统操作\",\n          \"value\": \"4\"\n        }\n      ]\n    },\n    {\n      \"key\": \"optType\",\n      \"type\": \"select\",\n      \"titleMap\": [\n        {\n          \"name\": \"弹窗操作\",\n          \"value\": \"1\"\n        },\n        {\n          \"name\": \"自定义弹窗\",\n          \"value\": \"5\"\n        },\n        {\n          \"name\": \"确认操作\",\n          \"value\": \"2\"\n        },\n        {\n          \"name\": \"跳转操作\",\n          \"value\": \"3\"\n        },\n        {\n          \"name\": \"无操作\",\n          \"value\": \"4\"\n        }\n      ]\n    },\n    {\n      \"key\": \"needData\",\n      \"type\": \"checkbox\"\n    },\n    {\n      \"key\": \"schema\",\n      \"title\": \"搜索SCHEMA\",\n      \"type\": \"autocomplete\",\n      \"interfaceId\": 17,\n      \"textField\": \"key\",\n      \"searchField\": \"key\",\n      \"queryField\": \"\",\n      \"copyValue\": {\n        \"schemaId\": \"schemaId\"\n      }\n    },\n    {\n      \"key\": \"schemaId\",\n      \"readonly\":true,\n      \"type\": \"number\"\n    },\n    {\n      \"key\": \"schemaForm\",\n      \"title\": \"搜索SCHEMA\",\n      \"type\": \"autocomplete\",\n      \"interfaceId\": 17,\n      \"textField\": \"key\",\n      \"searchField\": \"key\",\n      \"queryField\": \"\",\n      \"copyValue\": {\n        \"schemaId\": \"schemaFormId\"\n      }\n    },\n    {\n      \"key\": \"schemaFormId\",\n      \"readonly\":true,\n      \"type\": \"number\"\n    },\n    {\n      \"key\": \"schemaData\",\n      \"title\": \"搜索SCHEMA\",\n      \"type\": \"autocomplete\",\n      \"interfaceId\": 17,\n      \"textField\": \"key\",\n      \"searchField\": \"key\",\n      \"queryField\": \"\",\n      \"copyValue\": {\n        \"schemaId\": \"schemaDataId\"\n      }\n    },\n    {\n      \"key\": \"schemaDataId\",\n      \"readonly\":true,\n      \"type\": \"number\"\n    },\n    {\n      \"key\": \"clearCurrentItem\",\n      \"type\": \"checkbox\"\n    },\n    {\n      \"key\": \"jumpUrl\",\n      \"type\": \"text\"\n    },\n    {\n      \"key\": \"templateUrl\",\n      \"type\": \"text\"\n    },\n    {\n      \"key\": \"controller\",\n      \"type\": \"text\"\n    }\n  ]\n}','action-add&edit'),(20,'{\"menuId\":{\"key\":\"one\",\"type\":\"number\",\"source\":\"$stateParams\",\"defaultTo\":\"0\"}}','action-data'),(21,'{\"type\":\"object\",\"query\":{\"actId\":\"two\"},\"required\":[\"interfaceId\",\"key\"],\"properties\":{\"id\":{\"type\":\"number\"},\"actId\":{\"type\":\"number\"},\"interfaceId\":{\"type\":\"number\"},\"key\":{\"type\":\"string\",\"maxLength\":\"50\"}}}','actioninterface'),(22,'{\n  \"form\": [\n    {\n      \"key\": \"key\",\n      \"type\": \"text\"\n    },\n    {\n      \"key\": \"interface\",\n      \"title\":\"搜索接口\",\n      \"type\": \"autocomplete\",\n      \"interfaceId\": 2,\n      \"textField\": \"title\",\n      \"searchField\": \"title\",\n      \"queryField\": \"\",\n      \"copyValue\": {\n        \"interfaceId\": \"interfaceId\"\n      }\n    },\n    {\n      \"key\": \"interfaceId\",\n      \"readonly\": true,\n      \"type\": \"number\"\n    },\n    {\n      \"key\": \"actId\",\n      \"type\": \"number\",\n      \"readonly\": true\n    }\n  ]\n}','actioninterface-add&edit'),(23,'{\"actId\":{\"key\":\"two\",\"type\":\"number\",\"source\":\"$stateParams\",\"defaultTo\":\"0\"}}','actioninterface-data'),(24,'{\n  \"type\": \"object\",\n  \"include\": [\n    \"actor\"\n  ],\n  \"required\": [\n    \"nickname\",\n    \"aorId\",\n    \"userToken\",\n    \"personId\"\n  ],\n  \"properties\": {\n    \"nickname\": {\n      \"type\": \"string\",\n      \"title\": \"昵称\"\n    },\n    \"aorId\": {\n      \"type\": \"number\",\n      \"title\": \"角色ID\"\n    },\n    \"aor\": {\n      \"type\": \"object\",\n      \"title\": \"搜索角色\"\n    },\n    \"user\": {\n      \"type\": \"object\",\n      \"title\": \"搜索用户\"\n    },\n    \"userToken\": {\n      \"type\": \"string\",\n      \"title\": \"USERTOKEN\"\n    },\n    \"personId\": {\n      \"type\": \"number\"\n    }\n  }\n}','people'),(25,'{\n  \"form\": [\n    {\n      \"key\": \"user\",\n      \"type\": \"autocomplete\",\n      \"interfaceId\": 82,\n      \"textField\": \"nickname\",\n      \"searchField\":\"filter_nickname\",\n      \"queryField\": \"nicknames\",\n      \"copyValue\": {\n        \"nickname\": \"nickname\",\n        \"user_token\": \"userToken\"\n      }\n    },\n    {\n      \"key\": \"aor\",\n      \"type\": \"autocomplete\",\n      \"interfaceId\": 50,\n      \"textField\": \"aorTitle\",\n      \"searchField\":\"aorTitle\",\n      \"queryField\": \"\",\n      \"copyValue\": {\n        \"aorId\": \"aorId\"\n      }\n    },\n    {\n      \"key\": \"nickname\",\n      \"readonly\": true,\n      \"type\": \"text\"\n    },\n    {\n      \"key\": \"userToken\",\n      \"readonly\": true,\n      \"type\": \"text\"\n    },\n    {\n      \"key\": \"aorId\",\n      \"readonly\": true,\n      \"type\": \"number\"\n    }\n  ]\n}','people-add'),(26,'{\n  \"form\": [\n    {\n      \"key\": \"aor\",\n      \"type\": \"autocomplete\",\n      \"interfaceId\": 50,\n      \"textField\": \"aorTitle\",\n      \"searchField\": \"aorTitle\",\n      \"queryField\": \"\",\n      \"copyValue\": {\n        \"aorId\": \"aorId\"\n      }\n    },\n    {\n      \"key\": \"nickname\",\n      \"readonly\": true,\n      \"type\": \"text\"\n    },\n    {\n      \"key\": \"userToken\",\n      \"readonly\": true,\n      \"type\": \"text\"\n    },\n    {\n      \"key\": \"aorId\",\n      \"readonly\": true,\n      \"type\": \"number\"\n    }\n  ]\n}','people-edit'),(27,'{\"form\":[{\"key\":\"nickname\",\"type\":\"text\",\"required\":\"false\",\"copyValueTo\":[\"r-nickname.like\"]}]}','people-search'),(28,'{\"type\":\"object\",\"include\":[\"groupactions\"],\"required\":[\"groupTitle\",\"groupComment\"],\"properties\":{\"groupId\":{\"type\":\"number\"},\"groupTitle\":{\"type\":\"string\",\"title\":\"权限组名称\"},\"createAt\":{\"type\":\"number\"},\"updateAt\":{\"type\":\"number\"},\"groupComment\":{\"type\":\"string\",\"maxLength\":\"150\",\"title\":\"权限组简介\"}}}','group'),(29,'{\"form\":[{\"key\":\"groupTitle\",\"type\":\"text\"},{\"key\":\"groupComment\",\"type\":\"textarea\",\"rows\":\"1\",\"cols\":\"0\"}]}','group-add&edit'),(30,'{\"form\":[{\"key\":\"groupTitle\",\"type\":\"text\",\"required\":\"false\",\"copyValueTo\":[\"r-groupTitle.like\"]}]}','group-search'),(31,'{\n  \"type\": \"object\",\n  \"include\": [\n    \"actorgroups\"\n  ],\n  \"required\": [\n    \"aorTitle\",\n    \"aorComment\"\n  ],\n  \"properties\": {\n    \"aorId\": {\n      \"type\": \"number\"\n    },\n    \"aorTitle\": {\n      \"type\": \"string\",\n      \"title\":\"角色名\",\n      \"maxLength\": \"20\"\n    },\n    \"aorComment\": {\n      \"type\": \"string\",\n      \"title\":\"角色简介\",\n      \"maxLength\": \"150\"\n    }\n  }\n}','actor'),(32,'{\n  \"form\": [\n    {\n      \"key\": \"aorTitle\",\n      \"type\": \"text\"\n    },\n    {\n      \"key\": \"aorComment\",\n      \"type\": \"textarea\",\n      \"rows\":1\n    }\n  ]\n}','actor-add&edit'),(33,'{\"form\":[{\"key\":\"aorTitle\",\"type\":\"text\",\"required\":\"false\",\"copyValueTo\":[\"r-aorTitle.like\"]}]}','actor-search'),(34,'{\n  \"type\": \"object\",\n  \"required\": [\n    \"platform\",\n    \"codes_count\",\n    \"start_at_i\",\n    \"end_at_i\",\n    \"limit_per_code\",\n    \"limit_per_player\",\n    \"title\",\n    \"rewards\"\n  ],\n  \"properties\": {\n    \"platform\": {\n      \"type\": \"string\",\n      \"title\": \"平台\"\n    },\n    \"partly_title\": {\n      \"type\": \"string\",\n      \"title\": \"礼包名称\"\n    },\n    \"title\": {\n      \"type\": \"string\",\n      \"title\": \"礼包名称\"\n    },\n    \"codes_count\": {\n      \"type\": \"number\",\n      \"minimum\": 0,\n      \"title\": \"兑换码数量\"\n    },\n    \"start_at_i\": {\n      \"type\": \"object\",\n      \"title\": \"开始日期\"\n    },\n    \"end_at_i\": {\n      \"type\": \"object\",\n      \"title\": \"结束日期\"\n    },\n    \"limit_per_code\": {\n      \"type\": \"number\",\n      \"title\": \"一个码可以被使用几次\"\n    },\n    \"limit_per_player\": {\n      \"type\": \"number\",\n      \"title\": \"兑换码属性 [选填/输入数字]\",\n      \"minimum\": 0,\n      \"default\": 1,\n      \"description\": \"同一个兑换码可以被使用的次数\"\n    },\n    \"group\": {\n      \"type\": \"string\",\n      \"title\": \"分组标签\"\n    },\n    \"is_exclusive\": {\n      \"type\": \"boolean\",\n      \"title\": \"是不是同组互斥\"\n    },\n    \"description\": {\n      \"type\": \"string\",\n      \"title\": \"礼包描述\"\n    },\n    \"rewards\": {\n      \"type\": \"array\",\n      \"title\": \"礼包内容\",\n      \"items\": {\n        \"type\": \"object\",\n        \"required\": [\n          \"type1\",\n          \"type2\",\n          \"count\"\n        ],\n        \"properties\": {\n          \"type1\": {\n            \"type\": \"number\",\n            \"title\": \"道具类别\"\n          },\n          \"type2\": {\n            \"type\": \"number\",\n            \"title\": \"道具名称\",\n            \"default\": 0\n          },\n          \"type2_obj\": {\n            \"type\": \"object\",\n            \"title\": \"搜索道具名称\"\n          },\n          \"count\": {\n            \"type\": \"number\",\n            \"title\": \"数量\",\n            \"minimum\": 0,\n            \"default\": 1\n          }\n        }\n      }\n    },\n    \"is_deleted\": {\n      \"type\": \"number\",\n      \"title\": \"是否删除\",\n      \"trueValue\": \"1\",\n      \"falseValue\": \"0\"\n    }\n  },\n  \"description\": \"礼包\"\n}','gt-gift'),(35,'{\n  \"form\": [\n    {\n      \"key\": \"platform\",\n      \"type\": \"select\",\n      \"condition\": \"1==0\",\n      \"titleMap\": [\n        {\n          \"name\": \"苹果\",\n          \"value\": \"ios\"\n        },\n        {\n          \"name\": \"安卓\",\n          \"value\": \"and\"\n        },\n        {\n          \"name\": \"不限\",\n          \"value\": \"multi\"\n        }\n      ]\n    },\n    {\n      \"key\": \"title\",\n      \"type\": \"text\"\n    },\n    {\n      \"key\": \"codes_count\",\n      \"type\": \"number\"\n    },\n    {\n      \"key\": \"start_at_i\",\n      \"fieldClass\": \"flex\",\n      \"type\": \"datetimepicker\"\n    },\n    {\n      \"key\": \"end_at_i\",\n      \"fieldClass\": \"flex\",\n      \"type\": \"datetimepicker\"\n    },\n    {\n      \"key\": \"limit_per_code\",\n      \"title\": \"使用类型\",\n      \"type\": \"select\",\n      \"description\": \"同ID可使用同批次兑换码的次数\",\n      \"titleMap\": [\n        {\n          \"name\": \"一个ID可使用一个兑换码\",\n          \"value\": 1\n        },\n        {\n          \"name\": \"一个ID可使用多个兑换码\",\n          \"value\": -1\n        }\n      ]\n    },\n    {\n      \"key\": \"limit_per_player\",\n      \"type\": \"number\"\n    },\n    {\n      \"key\": \"is_exclusive\",\n      \"type\": \"checkbox\"\n    },\n    {\n      \"key\": \"group\",\n      \"type\": \"string\",\n      \"required\": true,\n      \"condition\": \"model.is_exclusive\"\n    },\n    {\n      \"key\": \"description\",\n      \"type\": \"textarea\",\n      \"rows\": \"1\",\n      \"cols\": \"0\"\n    },\n    {\n      \"key\": \"rewards\",\n      \"type\": \"array\",\n      \"startEmpty\": true,\n      \"fieldHtmlClass\": \"layout-row\",\n      \"sectionClass\": \"layout-row\",\n      \"items\": [\n        {\n          \"key\": \"rewards[].type1\",\n          \"type\": \"select\",\n          \"htmlClass\": \"flex\",\n          \"titleMap\": [\n            {\n              \"name\": \"钻石\",\n              \"value\": 1\n            },\n            {\n              \"name\": \"资源\",\n              \"value\": 2\n            },\n            {\n              \"name\": \"道具\",\n              \"value\": 3\n            },\n            {\n              \"name\": \"舰船\",\n              \"value\": 4\n            },\n            {\n              \"name\": \"装备\",\n              \"value\": 5\n            }\n          ]\n        },\n        {\n          \"key\": \"rewards[].type2_obj\",\n          \"type\": \"autocomplete\",\n          \"title\": \"请选择资源\",\n          \"condition\": \"model.rewards[arrayIndex].type1==2\",\n          \"interfaceId\": 87,\n          \"textField\": \"title\",\n          \"searchField\": \"title\",\n          \"queryField\": \"resources\",\n          \"copyValue\": {\n            \"code\": \"type2\"\n          }\n        },\n        {\n          \"key\": \"rewards[].type2_obj\",\n          \"type\": \"autocomplete\",\n          \"title\": \"请选择道具\",\n          \"condition\": \"model.rewards[arrayIndex].type1==3\",\n          \"interfaceId\": 84,\n          \"textField\": \"item_name\",\n          \"searchField\": \"item_name\",\n          \"queryField\": \"items\",\n          \"copyValue\": {\n            \"item_id\": \"type2\"\n          }\n        },\n        {\n          \"key\": \"rewards[].type2_obj\",\n          \"type\": \"autocomplete\",\n          \"title\": \"请选择船舰\",\n          \"condition\": \"model.rewards[arrayIndex].type1==4\",\n          \"interfaceId\": 86,\n          \"textField\": \"ship_name\",\n          \"searchField\": \"ship_name\",\n          \"queryField\": \"ships\",\n          \"copyValue\": {\n            \"ship_id\": \"type2\"\n          }\n        },\n        {\n          \"key\": \"rewards[].type2_obj\",\n          \"type\": \"autocomplete\",\n          \"title\": \"请选择装备\",\n          \"condition\": \"model.rewards[arrayIndex].type1==5\",\n          \"interfaceId\": 85,\n          \"textField\": \"equipment_name\",\n          \"searchField\": \"equipment_name\",\n          \"queryField\": \"equipments\",\n          \"copyValue\": {\n            \"equipment_id\": \"type2\"\n          }\n        },\n        {\n          \"key\": \"rewards[].type2\",\n          \"htmlClass\": \"flex\",\n          \"description\": \"自动字段，不需要填写\",\n          \"condition\": \"0==1 && model.rewards[arrayIndex].type1 && model.rewards[arrayIndex].type1!==1\",\n          \"readonly\": true,\n          \"type\": \"number\"\n        },\n        {\n          \"key\": \"rewards[].count\",\n          \"condition\": \"model.rewards[arrayIndex].type1\",\n          \"htmlClass\": \"flex\",\n          \"type\": \"number\"\n        }\n      ]\n    }\n  ]\n}','gt-gift-add&edit'),(36,'{\n  \"form\": [\n    {\n      \"key\": \"partly_title\",\n      \"required\": false,\n      \"copyValueTo\": [\n        \"r-partly_title\"\n      ],\n      \"type\": \"text\"\n    },\n    {\n      \"key\": \"group\",\n      \"required\": false,\n      \"copyValueTo\": [\n        \"r-group\"\n      ],\n      \"type\": \"text\"\n    },\n    {\n      \"key\": \"start_at_i\",\n      \"title\": \"创建时间开始\",\n      \"readonly\":false,\n      \"copyValueTo\": [\n        \"r-start_at_i\"\n      ],\n      \"type\": \"datetimepicker\"\n    },\n    {\n      \"key\": \"end_at_i\",\n      \"title\": \"创建时间结束\",\n      \"readonly\":false,\n      \"copyValueTo\": [\n        \"r-end_at_i\"\n      ],\n      \"type\": \"datetimepicker\"\n    },\n    {\n      \"key\": \"is_deleted\",\n      \"trueValue\": 1,\n      \"falseValue\": 0,\n      \"copyValueTo\": [\n        \"r-is_deleted\"\n      ],\n      \"type\": \"checkbox\"\n    }\n  ]\n}','gt-gift-search'),(37,'{\"start_at_i\":{\"key\":\"start_at_i\",\"source\":\"currentItem\",\"type\":\"date\"},\"end_at_i\":{\"key\":\"end_at_i\",\"source\":\"currentItem\",\"type\":\"date\"}}','gt-gift-data'),(38,'{\n  \"type\": \"object\",\n  \"properties\": {\n    \"gift_id\": {\n      \"type\": \"number\",\n      \"title\": \"礼包ID\"\n    },\n    \"platform\": {\n      \"type\": \"string\",\n      \"title\": \"平台\"\n    },\n    \"group\": {\n      \"type\": \"string\",\n      \"title\": \"分组标签\"\n    },\n    \"gift_code\": {\n      \"type\": \"string\",\n      \"title\": \"兑换码\"\n    },\n    \"gift_title\": {\n      \"type\": \"string\",\n      \"title\": \"礼包名称\"\n    },\n    \"is_exclusive\": {\n      \"type\": \"boolean\",\n      \"title\": \"是不是同组互斥\"\n    },\n    \"used_records\": {\n      \"type\": \"array\",\n      \"title\": \"使用记录\",\n      \"items\": {\n        \"type\": \"object\",\n        \"title\": \"记录详细信息\",\n        \"properties\": {\n          \"uid\": {\n            \"type\": \"number\",\n            \"title\": \"玩家ID\"\n          },\n          \"rewards\": {\n      \"type\": \"array\",\n      \"title\": \"礼包内容\",\n      \"items\": {\n        \"type\": \"object\",\n        \"required\": [\n          \"type1\",\n          \"type2\",\n          \"count\"\n        ],\n        \"properties\": {\n          \"type1\": {\n            \"type\": \"number\",\n            \"title\": \"道具类别\"\n          },\n          \"type2\": {\n            \"type\": \"number\",\n            \"title\": \"道具名称\",\n            \"default\": 0\n          },\n          \"type2_obj\": {\n            \"type\": \"object\",\n            \"title\": \"搜索道具名称\"\n          },\n          \"count\": {\n            \"type\": \"number\",\n            \"title\": \"数量\",\n            \"minimum\": 0,\n            \"default\": 1\n          }\n        }\n      }\n    }\n        }\n      }\n    }\n  },\n  \"description\": \"礼包\"\n}','gt-code'),(39,'{\n  \"form\": [\n    {\n      \"key\": \"gift_code\",\n      \"type\": \"text\",\n      \"copyValueTo\": [\n        \"r-gift_code\"\n      ]\n    },\n    {\n      \"key\": \"gift_id\",\n      \"type\": \"number\",\n      \"copyValueTo\": [\n        \"r-gift_id\"\n      ]\n    },\n    {\n      \"key\": \"gift_title\",\n      \"copyValueTo\": [\n        \"r-gift_title\"\n      ],\n      \"type\": \"text\"\n    }\n  ]\n}','gt-code-search'),(40,'{\n  \"form\": [\n    {\n      \"key\": \"gift_id\",\n      \"type\": \"text\"\n    },\n    {\n      \"key\": \"gift_code\",\n      \"type\": \"text\"\n    },\n    {\n      \"key\": \"gift_title\",\n      \"type\": \"text\"\n    },\n    {\n      \"key\": \"group\",\n      \"type\": \"text\"\n    },\n    {\n      \"key\": \"is_exclusive\",\n      \"type\": \"checkbox\"\n    },\n    {\n      \"key\": \"used_records\",\n      \"type\": \"array\",\n      \"add\": null,\n      \"remove\": null,\n      \"items\": [\n        {\n          \"key\": \"used_records[].uid\",\n          \"type\": \"number\"\n        },\n        {\n          \"key\": \"used_records[].rewards\",\n          \"type\": \"array\",\n          \"startEmpty\": true,\n          \"fieldHtmlClass\": \"layout-row\",\n          \"sectionClass\": \"layout-row\",\n          \"items\": [\n            {\n              \"key\": \"used_records[].rewards[].type1\",\n              \"type\": \"select\",\n              \"htmlClass\": \"flex\",\n              \"titleMap\": [\n                {\n                  \"name\": \"钻石\",\n                  \"value\": 1\n                },\n                {\n                  \"name\": \"资源\",\n                  \"value\": 2\n                },\n                {\n                  \"name\": \"道具\",\n                  \"value\": 3\n                },\n                {\n                  \"name\": \"舰船\",\n                  \"value\": 4\n                },\n                {\n                  \"name\": \"装备\",\n                  \"value\": 5\n                }\n              ]\n            },\n            {\n              \"key\": \"used_records[].rewards[].type2_obj\",\n              \"type\": \"autocomplete\",\n              \"title\": \"请选择资源\",\n              \"condition\": \"model.rewards[arrayIndex].type1==2\",\n              \"interfaceId\": 87,\n              \"textField\": \"title\",\n              \"searchField\": \"title\",\n              \"queryField\": \"resources\",\n              \"copyValue\": {\n                \"code\": \"type2\"\n              }\n            },\n            {\n              \"key\": \"used_records[].rewards[].type2_obj\",\n              \"type\": \"autocomplete\",\n              \"title\": \"请选择道具\",\n              \"condition\": \"model.rewards[arrayIndex].type1==3\",\n              \"interfaceId\": 84,\n              \"textField\": \"item_name\",\n              \"searchField\": \"item_name\",\n              \"queryField\": \"items\",\n              \"copyValue\": {\n                \"item_id\": \"type2\"\n              }\n            },\n            {\n              \"key\": \"used_records[].rewards[].type2_obj\",\n              \"type\": \"autocomplete\",\n              \"title\": \"请选择船舰\",\n              \"condition\": \"model.rewards[arrayIndex].type1==4\",\n              \"interfaceId\": 86,\n              \"textField\": \"ship_name\",\n              \"searchField\": \"ship_name\",\n              \"queryField\": \"ships\",\n              \"copyValue\": {\n                \"ship_id\": \"type2\"\n              }\n            },\n            {\n              \"key\": \"used_records[].rewards[].type2_obj\",\n              \"type\": \"autocomplete\",\n              \"title\": \"请选择装备\",\n              \"condition\": \"model.rewards[arrayIndex].type1==5\",\n              \"interfaceId\": 85,\n              \"textField\": \"equipment_name\",\n              \"searchField\": \"equipment_name\",\n              \"queryField\": \"equipments\",\n              \"copyValue\": {\n                \"equipment_id\": \"type2\"\n              }\n            },\n            {\n              \"key\": \"used_records[].rewards[].type2\",\n              \"htmlClass\": \"flex\",\n              \"description\": \"自动字段，不需要填写\",\n              \"condition\": \"model.rewards[arrayIndex].type1 && model.rewards[arrayIndex].type1!==1\",\n              \"readonly\": true,\n              \"type\": \"number\"\n            },\n            {\n              \"key\": \"used_records[].rewards[].count\",\n              \"condition\": \"model.rewards[arrayIndex].type1\",\n              \"htmlClass\": \"flex\",\n              \"type\": \"number\"\n            }\n          ]\n        }\n      ]\n    }\n  ]\n}','gt-code-detail'),(41,'{\n  \"type\": \"object\",\n  \"required\": [\n    \"server\",\n    \"name\",\n    \"type\",\n    \"sub_type\",\n    \"start_at_i\",\n    \"end_at_i\",\n    \"reward_content\",\n    \"consume_type\",\n    \"range\",\n    \"ship_count\",\n    \"ships\",\n    \"ship_type\",\n    \"condition\",\n    \"login_type\",\n    \"stage_range\",\n    \"date_range\",\n    \"number\"\n  ],\n  \"properties\": {\n    \"status\": {\n      \"type\": \"string\",\n      \"title\": \"活动状态\"\n    },\n    \"change_server\": {\n      \"type\": \"object\",\n      \"title\": \"复制到服务器\"\n    },\n    \"server\": {\n      \"type\": \"string\",\n      \"title\": \"服务器\"\n    },\n    \"name\": {\n      \"type\": \"string\",\n      \"maxLength\": 14,\n      \"title\": \"活动名称\"\n    },\n    \"type\": {\n      \"type\": \"number\",\n      \"title\": \"活动类型\"\n    },\n    \"sub_type\": {\n      \"type\": \"number\",\n      \"title\": \"子活动\"\n    },\n    \"start_at_i\": {\n      \"type\": \"object\",\n      \"title\": \"活动开始时间\"\n    },\n    \"end_at_i\": {\n      \"type\": \"object\",\n      \"title\": \"活动结束时间\"\n    },\n    \"date_range\": {\n      \"type\": \"array\",\n      \"title\": \"时间范围\",\n      \"items\": {\n        \"type\": \"object\",\n        \"required\": [\n          \"start_at_i\",\n          \"end_at_i\"\n        ],\n        \"properties\": {\n          \"start_at_i\": {\n            \"type\": \"object\",\n            \"title\": \"开始时间\"\n          },\n          \"end_at_i\": {\n            \"type\": \"object\",\n            \"title\": \"结束时间\"\n          }\n        }\n      }\n    },\n    \"reward_content\": {\n      \"type\": \"array\",\n      \"title\": \"奖励的具体内容\",\n      \"items\": {\n        \"type\": \"object\",\n        \"required\": [\n          \"amount\",\n          \"consume_item\",\n          \"consume_resource\",\n          \"days\",\n          \"target\",\n          \"rewards\",\n          \"degree\",\n          \"collection_count\"\n        ],\n        \"properties\": {\n          \"range\": {\n            \"title\": \"通关奖励范围\",\n            \"type\": \"string\",\n            \"enum\": [\n              \"1\",\n              \"2\",\n              \"3\",\n              \"4\"\n            ]\n          },\n          \"consume_type\": {\n            \"type\": \"number\",\n            \"title\": \"消耗道具类型\"\n          },\n          \"amount\": {\n            \"type\": \"number\",\n            \"minimum\": 0,\n            \"title\": \"消耗数量\"\n          },\n          \"stage\": {\n            \"type\": \"object\",\n            \"title\": \"副本内容\"\n          },\n          \"battle\": {\n            \"type\": \"object\",\n            \"title\": \"战役内容\"\n          },\n          \"level\": {\n            \"type\": \"number\",\n            \"title\": \"选择难度\"\n          },\n          \"consume_item\": {\n            \"type\": \"object\",\n            \"title\": \"具体资源内容\"\n          },\n          \"consume_resource\": {\n            \"type\": \"object\",\n            \"title\": \"具体资源内容\"\n          },\n          \"days\": {\n            \"type\": \"number\",\n            \"minimum\": 0,\n            \"title\": \"登陆天数\"\n          },\n          \"target\": {\n            \"type\": \"object\",\n            \"title\": \"特殊道具\"\n          },\n          \"degree\": {\n            \"type\": \"string\",\n            \"title\": \"好感度\"\n          },\n          \"collection_count\": {\n            \"type\": \"number\",\n            \"minimum\": 0,\n            \"title\": \"图鉴数量\"\n          },\n          \"rewards\": {\n            \"type\": \"array\",\n            \"title\": \"奖励内容\",\n            \"minItems\": 1,\n            \"items\": {\n              \"type\": \"object\",\n              \"required\": [\n                \"type1\",\n                \"type2\",\n                \"count\"\n              ],\n              \"properties\": {\n                \"type1\": {\n                  \"type\": \"number\",\n                  \"title\": \"道具类别\"\n                },\n                \"type2\": {\n                  \"type\": \"number\",\n                  \"title\": \"道具名称\"\n                },\n                \"type2_obj\": {\n                  \"type\": \"object\",\n                  \"title\": \"搜索道具名称\"\n                },\n                \"count\": {\n                  \"type\": \"number\",\n                  \"minimum\": 0,\n                  \"title\": \"数量\"\n                }\n              }\n            }\n          },\n          \"items\": {\n            \"type\": \"array\",\n            \"title\": \"奖励内容\",\n            \"items\": {\n              \"type\": \"object\",\n              \"required\": [\n                \"item_id\",\n                \"discount\",\n                \"count\"\n              ],\n              \"properties\": {\n                \"item_id\": {\n                  \"type\": \"number\",\n                  \"title\": \"商品ID\"\n                },\n                \"discount\": {\n                  \"type\": \"number\",\n                  \"minimum\": 1,\n                  \"maximum\": 9,\n                  \"title\": \"折扣\",\n                  \"enum\": [\n                    1,\n                    2,\n                    3,\n                    4,\n                    5,\n                    6,\n                    7,\n                    8,\n                    9\n                  ]\n                },\n                \"count\": {\n                  \"type\": \"number\",\n                  \"title\": \"销售数量\"\n                },\n                \"limit\": {\n                  \"type\": \"number\",\n                  \"title\": \"限购次数\"\n                }\n              }\n            }\n          }\n        }\n      }\n    },\n    \"income_type\": {\n      \"type\": \"array\",\n      \"title\": \"收益类型\",\n      \"items\": {\n        \"type\": \"object\",\n        \"required\": [\n          \"type\"\n        ],\n        \"properties\": {\n          \"type\": {\n            \"type\": \"number\",\n            \"title\": \"\"\n          }\n        }\n      }\n    },\n    \"open\": {\n      \"type\": \"boolean\",\n      \"default\": true,\n      \"title\": \"活动标签开启\"\n    },\n    \"ship_count\": {\n      \"type\": \"number\",\n      \"minimum\": 0,\n      \"title\": \"指定舰船数量\"\n    },\n    \"ships\": {\n      \"type\": \"array\",\n      \"title\": \"舰船列表\",\n      \"uniqueItems\": true,\n      \"items\": {\n        \"type\": \"object\",\n        \"required\": [\n          \"ship\"\n        ],\n        \"properties\": {\n          \"ship\": {\n            \"type\": \"object\",\n            \"title\": \"搜索舰船\"\n          }\n        }\n      }\n    },\n    \"ship_type\": {\n      \"type\": \"array\",\n      \"title\": \"建造类型列表\",\n      \"items\": {\n        \"type\": \"object\",\n        \"required\": [\n          \"type\"\n        ],\n        \"properties\": {\n          \"type\": {\n            \"type\": \"object\",\n            \"title\": \"搜索建造类型\"\n          }\n        }\n      }\n    },\n    \"condition\": {\n      \"type\": \"string\",\n      \"title\": \"指定条件\",\n      \"items\": {\n        \"type\": \"string\",\n        \"enum\": [\n          \"0\",\n          \"1\",\n          \"2\",\n          \"3\"\n        ]\n      }\n    },\n    \"login_type\": {\n      \"type\": \"number\",\n      \"title\": \"登陆类型\"\n    },\n    \"stage_range\": {\n      \"type\": \"array\",\n      \"title\": \"关卡范围\",\n      \"items\": {\n        \"type\": \"number\",\n        \"enum\": [\n          1,\n          2,\n          3,\n          4\n        ]\n      }\n    },\n    \"reward_type\": {\n      \"type\": \"array\",\n      \"title\": \"奖励类型\",\n      \"items\": {\n        \"type\": \"number\",\n        \"enum\": [\n          1,\n          2,\n          3\n        ]\n      }\n    },\n    \"number\": {\n      \"type\": \"number\",\n      \"minimum\": 0,\n      \"title\": \"倍率或增加次数\"\n    }\n  },\n  \"description\": \"活动\"\n}','gt-activity'),(42,'{\n  \"form\": [\n    {\n      \"key\": \"name\",\n      \"type\": \"text\"\n    },\n    {\n      \"key\": \"type\",\n      \"type\": \"select\",\n      \"titleMap\": [\n        {\n          \"name\": \"充值活动\",\n          \"value\": 2\n        },\n        {\n          \"name\": \"累计消耗\",\n          \"value\": 3\n        },\n        {\n          \"name\": \"通关有礼活动\",\n          \"value\": 4\n        },\n        {\n          \"name\": \"建造指定舰船\",\n          \"value\": 5\n        },\n        {\n          \"name\": \"登陆活动\",\n          \"value\": 6\n        },\n        {\n          \"name\": \"商城活动\",\n          \"value\": 7\n        },\n        {\n          \"name\": \"倍率翻倍\",\n          \"value\": 9\n        },\n        {\n          \"name\": \"道具收集\",\n          \"value\": 10\n        },\n        {\n          \"name\": \"图鉴收集\",\n          \"value\": 11\n        },\n        {\n          \"name\": \"好感度\",\n          \"value\": 12\n        }\n      ]\n    },\n    {\n      \"key\": \"sub_type\",\n      \"type\": \"select\",\n      \"condition\": \"model.type==9\",\n      \"default\": 1,\n      \"titleMap\": [\n        {\n          \"name\": \"掉落数量翻倍\",\n          \"value\": 1\n        },\n        {\n          \"name\": \"收益倍率\",\n          \"value\": 2\n        },\n        {\n          \"name\": \"关卡次数增加\",\n          \"value\": 3\n        }\n      ]\n    },\n    {\n      \"key\": \"sub_type\",\n      \"type\": \"select\",\n      \"condition\": \"model.type==2\",\n      \"default\": 1,\n      \"titleMap\": [\n        {\n          \"name\": \"累计充值\",\n          \"value\": 1\n        },\n        {\n          \"name\": \"每日累计充值\",\n          \"value\": 2\n        },\n        {\n          \"name\": \"单笔充值\",\n          \"value\": 3\n        }\n      ]\n    },\n    {\n      \"key\": \"sub_type\",\n      \"type\": \"select\",\n      \"condition\": \"model.type==4\",\n      \"default\": 1,\n      \"titleMap\": [\n        {\n          \"name\": \"指定通关\",\n          \"value\": 1\n        },\n        {\n          \"name\": \"通关次数\",\n          \"value\": 2\n        }\n      ]\n    },\n    {\n      \"key\": \"sub_type\",\n      \"type\": \"select\",\n      \"condition\": \"model.type==5\",\n      \"default\": 1,\n      \"titleMap\": [\n        {\n          \"name\": \"建造指定船\",\n          \"value\": 1\n        },\n        {\n          \"name\": \"建造指定类型\",\n          \"value\": 2\n        }\n      ]\n    },\n    {\n      \"key\": \"sub_type\",\n      \"type\": \"select\",\n      \"condition\": \"model.type==7\",\n      \"default\": 1,\n      \"titleMap\": [\n        {\n          \"name\": \"销售活动\",\n          \"value\": 1\n        },\n        {\n          \"name\": \"限时打折\",\n          \"value\": 2\n        }\n      ]\n    },\n    {\n      \"key\": \"login_type\",\n      \"type\": \"select\",\n      \"condition\": \"model.type==6\",\n      \"titleMap\": [\n        {\n          \"name\": \"累计登陆\",\n          \"value\": 1\n        },\n        {\n          \"name\": \"连续登陆\",\n          \"value\": 2\n        },\n        {\n          \"name\": \"登陆即送\",\n          \"value\": 3\n        }\n      ]\n    },\n    {\n      \"key\": \"start_at_i\",\n      \"fieldClass\": \"flex\",\n      \"condition\": \"(model.type==9 && model.sub_type==3) || (model.type!==7 && model.type!==9)\",\n      \"type\": \"datetimepicker\"\n    },\n    {\n      \"key\": \"end_at_i\",\n      \"fieldClass\": \"flex\",\n      \"condition\": \"(model.type==9 && model.sub_type==3) || (model.type!==7 && model.type!==9)\",\n      \"type\": \"datetimepicker\"\n    },\n    {\n      \"key\": \"date_range\",\n      \"fieldClass\": \"flex\",\n      \"type\": \"array\",\n      \"sortOptions\": {\n        \"axis\": \"y\"\n      },\n      \"condition\": \"(model.type==7 || model.type==9) && (model.sub_type==1 || model.sub_type==2)\",\n      \"items\": [\n        {\n          \"key\": \"date_range[].start_at_i\",\n          \"fieldClass\": \"flex\",\n          \"type\": \"datetimepicker\"\n        },\n        {\n          \"key\": \"date_range[].end_at_i\",\n          \"fieldClass\": \"flex\",\n          \"type\": \"datetimepicker\"\n        }\n      ]\n    },\n    {\n      \"key\": \"income_type\",\n      \"type\": \"checkboxes\",\n      \"default\": 1,\n      \"titleMap\": [\n        {\n          \"name\": \"资源\",\n          \"value\": 1\n        },\n        {\n          \"name\": \"经验\",\n          \"value\": 2\n        }\n      ],\n      \"condition\": \"model.type==9 && model.sub_type==2\"\n    },\n    {\n      \"key\": \"number\",\n      \"type\": \"number\",\n      \"condition\": \"model.type==9\"\n    },\n    {\n      \"key\": \"stage_range\",\n      \"type\": \"checkboxes\",\n      \"titleMap\": [\n        {\n          \"value\": 1,\n          \"name\": \"出征\"\n        },\n        {\n          \"value\": 3,\n          \"name\": \"远征\"\n        },\n        {\n          \"value\": 4,\n          \"name\": \"战役\"\n        }\n      ],\n      \"condition\": \"model.type==9 && model.sub_type==1\"\n    },\n    {\n      \"key\": \"stage_range\",\n      \"type\": \"checkboxes\",\n      \"titleMap\": [\n        {\n          \"value\": 1,\n          \"name\": \"出征\"\n        },\n        {\n          \"value\": 2,\n          \"name\": \"演习\"\n        },\n        {\n          \"value\": 3,\n          \"name\": \"远征\"\n        },\n        {\n          \"value\": 4,\n          \"name\": \"战役\"\n        }\n      ],\n      \"condition\": \"model.type==9 && model.sub_type===2\"\n    },\n    {\n      \"key\": \"stage_range\",\n      \"type\": \"checkboxes\",\n      \"singleSelected\": true,\n      \"titleMap\": [\n        {\n          \"value\": 2,\n          \"name\": \"演习\"\n        },\n        {\n          \"value\": 4,\n          \"name\": \"战役\"\n        }\n      ],\n      \"condition\": \"model.type==9 && model.sub_type===3\"\n    },\n    {\n      \"key\": \"reward_type\",\n      \"type\": \"checkboxes\",\n      \"condition\": \"0==1 && model.type==9 && model.sub_type==2\",\n      \"titleMap\": [\n        {\n          \"value\": 1,\n          \"name\": \"经验\"\n        },\n        {\n          \"value\": 2,\n          \"name\": \"资源\"\n        },\n        {\n          \"value\": 3,\n          \"name\": \"好感度\"\n        }\n      ]\n    },\n    {\n      \"key\": \"ship_count\",\n      \"type\": \"number\",\n      \"condition\": \"model.type==5 && model.sub_type==1\"\n    },\n    {\n      \"key\": \"ships\",\n      \"type\": \"array\",\n      \"uniqueItems\": true,\n      \"condition\": \"(model.type==5 && model.sub_type==1) || model.type==12\",\n      \"items\": [\n        {\n          \"key\": \"ships[].ship\",\n          \"type\": \"autocomplete\",\n          \"title\": \"请选择船舰\",\n          \"interfaceId\": 86,\n          \"textField\": \"ship_name\",\n          \"searchField\": \"ship_name\",\n          \"queryField\": \"ships\"\n        }\n      ]\n    },\n    {\n      \"key\": \"condition\",\n      \"type\": \"select\",\n      \"fieldHtmlClass\": \"layout-row\",\n      \"titleMap\": [\n        {\n          \"name\": \"组合/指定\",\n          \"value\": \"0\"\n        },\n        {\n          \"name\": \"任意一艘\",\n          \"value\": \"1\"\n        },\n        {\n          \"name\": \"任意二艘\",\n          \"value\": \"2\"\n        },\n        {\n          \"name\": \"任意三艘\",\n          \"value\": \"3\"\n        }\n      ],\n      \"condition\": \"model.type==5 && model.sub_type==1\"\n    },\n    {\n      \"key\": \"open\",\n      \"type\": \"checkbox\",\n      \"condition\": \"model.type==4 || model.type==7 || model.type==9\"\n    },\n    {\n      \"key\": \"reward_content\",\n      \"type\": \"array\",\n      \"default\": [],\n      \"startEmpty\": false,\n      \"title\": \"条件\",\n      \"condition\": \"model.type && (model.type !=9 || (model.type==5 && model.sub_type==2))\",\n      \"items\": [\n        {\n          \"type\": \"section\",\n          \"htmlClass\": \"layout-row\",\n          \"items\": [\n            {\n              \"key\": \"reward_content[].degree\",\n              \"type\": \"select\",\n              \"titleMap\": [\n                {\n                  \"name\": \"陌生\",\n                  \"value\": \"1\"\n                },\n                {\n                  \"name\": \"友善\",\n                  \"value\": \"2\"\n                },\n                {\n                  \"name\": \"亲密\",\n                  \"value\": \"3\"\n                },\n                {\n                  \"name\": \"爱\",\n                  \"value\": \"4\"\n                }\n              ],\n              \"condition\": \"model.type==12\"\n            },\n            {\n              \"key\": \"reward_content[].collection_count\",\n              \"type\": \"number\",\n              \"condition\": \"model.type==11\"\n            },\n            {\n              \"key\": \"reward_content[].consume_type\",\n              \"type\": \"select\",\n              \"title\": \"消耗道具类型\",\n              \"titleMap\": [\n                {\n                  \"value\": 1,\n                  \"name\": \"钻石\"\n                },\n                {\n                  \"value\": 2,\n                  \"name\": \"资源\"\n                },\n                {\n                  \"value\": 3,\n                  \"name\": \"道具\"\n                },\n                {\n                  \"value\": 6,\n                  \"name\": \"资源总和\"\n                }\n              ],\n              \"condition\": \"model.type==3\"\n            },\n            {\n              \"key\": \"reward_content[].consume_resource\",\n              \"condition\": \"model.type==3 && arrayModel.consume_type==2\",\n              \"type\": \"autocomplete\",\n              \"title\": \"请选择资源\",\n              \"interfaceId\": 87,\n              \"textField\": \"title\",\n              \"searchField\": \"title\",\n              \"queryField\": \"resources\"\n            },\n            {\n              \"key\": \"reward_content[].consume_item\",\n              \"condition\": \"model.type==3 && arrayModel.consume_type==3\",\n              \"type\": \"autocomplete\",\n              \"title\": \"请选择道具\",\n              \"interfaceId\": 84,\n              \"textField\": \"item_name\",\n              \"searchField\": \"item_name\",\n              \"queryField\": \"items\"\n            },\n            {\n              \"key\": \"reward_content[].range\",\n              \"title\": \"关卡范围\",\n              \"type\": \"select\",\n              \"titleMap\": [\n                {\n                  \"name\": \"出征\",\n                  \"value\": \"1\"\n                },\n                {\n                  \"name\": \"战役\",\n                  \"value\": \"4\"\n                }\n              ],\n              \"condition\": \"model.type==4\"\n            },\n            {\n              \"key\": \"reward_content[].stage\",\n              \"condition\": \"model.type==4 && arrayModel.range==1 && model.sub_type==1\",\n              \"type\": \"autocomplete\",\n              \"title\": \"请选择副本\",\n              \"interfaceId\": 93,\n              \"textField\": \"stage_name\",\n              \"searchField\": \"stage_name\",\n              \"queryField\": \"stages\"\n            },\n            {\n              \"key\": \"reward_content[].level\",\n              \"type\": \"select\",\n              \"condition\": \"model.type==4 && arrayModel.range==4 && model.sub_type==2\",\n              \"titleMap\": [\n                {\n                  \"name\": \"普通难度\",\n                  \"value\": 1\n                },\n                {\n                  \"name\": \"困难难度\",\n                  \"value\": 2\n                },\n                {\n                  \"name\": \"不限难度\",\n                  \"value\": 3\n                }\n              ]\n            },\n            {\n              \"key\": \"reward_content[].battle\",\n              \"condition\": \"model.type==4 && arrayModel.range==4 && model.sub_type==1\",\n              \"type\": \"autocomplete\",\n              \"title\": \"请选择战役\",\n              \"interfaceId\": 104,\n              \"textField\": \"stage_name\",\n              \"searchField\": \"stage_name\",\n              \"queryField\": \"battles\"\n            },\n            {\n              \"key\": \"reward_content[].days\",\n              \"condition\": \"model.type==6\",\n              \"type\": \"number\"\n            },\n            {\n              \"key\": \"reward_content[].target\",\n              \"condition\": \"model.type==10\",\n              \"type\": \"autocomplete\",\n              \"title\": \"请选择道具\",\n              \"interfaceId\": 84,\n              \"textField\": \"item_name\",\n              \"searchField\": \"item_name\",\n              \"queryField\": \"items\"\n            },\n            {\n              \"key\": \"reward_content[].amount\",\n              \"title\": \"充值金额达到\",\n              \"type\": \"number\",\n              \"condition\": \"model.type==2 \",\n              \"default\": 1\n            },\n            {\n              \"key\": \"reward_content[].amount\",\n              \"type\": \"number\",\n              \"title\": \"累计消耗\",\n              \"condition\": \"model.type==3\",\n              \"default\": 1\n            },\n            {\n              \"key\": \"reward_content[].amount\",\n              \"type\": \"number\",\n              \"title\": \"次数\",\n              \"condition\": \"model.type==4\",\n              \"default\": 1\n            },\n            {\n              \"key\": \"reward_content[].amount\",\n              \"type\": \"number\",\n              \"title\": \"数量\",\n              \"condition\": \"model.type==10\",\n              \"default\": 1\n            },\n            {\n              \"key\": \"reward_content[].type2_obj\",\n              \"type\": \"autocomplete\",\n              \"title\": \"请选择素体\",\n              \"condition\": \"model.type===5 && model.sub_type===2\",\n              \"interfaceId\": 96,\n              \"textField\": \"type_name\",\n              \"searchField\": \"type_name\",\n              \"queryField\": \"types\"\n            },\n            {\n              \"key\": \"reward_content[].amount\",\n              \"type\": \"number\",\n              \"title\": \"数量\",\n              \"condition\": \"model.type===5 && model.sub_type===2\",\n              \"default\": 1\n            }\n          ]\n        },\n        {\n          \"type\": \"array\",\n          \"key\": \"reward_content[].items\",\n          \"condition\": \"model.type == 7\",\n          \"default\": [],\n          \"subTitle\": \"商城道具\",\n          \"items\": [\n            {\n              \"type\": \"section\",\n              \"htmlClass\": \"layout-row\",\n              \"decoratorClass\": \"flex\",\n              \"items\": [\n                {\n                  \"key\": \"reward_content[].items[].item\",\n                  \"type\": \"autocomplete\",\n                  \"title\": \"请选择商城道具\",\n                  \"interfaceId\": 84,\n                  \"textField\": \"item_name\",\n                  \"searchField\": \"item_name\",\n                  \"queryField\": \"items\",\n                  \"copyValue\": {\n                    \"item_id\": \"item_id\"\n                  }\n                },\n                {\n                  \"key\": \"reward_content[].items[].discount\",\n                  \"condition\": \"model.sub_type==2\",\n                  \"description\": \"折扣从1-9折\",\n                  \"type\": \"number\"\n                },\n                {\n                  \"key\": \"reward_content[].items[].count\",\n                  \"condition\": \"model.sub_type==1\",\n                  \"type\": \"number\"\n                },\n                {\n                  \"key\": \"reward_content[].items[].limit\",\n                  \"type\": \"number\"\n                }\n              ]\n            }\n          ]\n        },\n        {\n          \"type\": \"array\",\n          \"key\": \"reward_content[].rewards\",\n          \"condition\": \"model.type !==7\",\n          \"default\": [],\n          \"subTitle\": \"奖励\",\n          \"startEmpty\": true,\n          \"items\": [\n            {\n              \"type\": \"section\",\n              \"htmlClass\": \"layout-row\",\n              \"decoratorClass\": \"flex\",\n              \"items\": [\n                {\n                  \"key\": \"reward_content[].rewards[].type1\",\n                  \"type\": \"select\",\n                  \"titleMap\": [\n                    {\n                      \"name\": \"钻石\",\n                      \"value\": 1\n                    },\n                    {\n                      \"name\": \"资源\",\n                      \"value\": 2\n                    },\n                    {\n                      \"name\": \"道具\",\n                      \"value\": 3\n                    },\n                    {\n                      \"name\": \"舰船\",\n                      \"value\": 4\n                    },\n                    {\n                      \"name\": \"装备\",\n                      \"value\": 5\n                    },\n                    {\n                      \"name\": \"随机礼包\",\n                      \"value\": 6\n                    }\n                  ]\n                },\n                {\n                  \"key\": \"reward_content[].rewards[].type2_obj\",\n                  \"type\": \"autocomplete\",\n                  \"title\": \"请选择资源\",\n                  \"condition\": \"arrayModel.type1==2\",\n                  \"interfaceId\": 87,\n                  \"textField\": \"title\",\n                  \"searchField\": \"title\",\n                  \"queryField\": \"resources\",\n                  \"copyValue\": {\n                    \"code\": \"type2\"\n                  }\n                },\n                {\n                  \"key\": \"reward_content[].rewards[].type2_obj\",\n                  \"type\": \"autocomplete\",\n                  \"title\": \"请选择道具\",\n                  \"condition\": \"arrayModel.type1==3\",\n                  \"interfaceId\": 84,\n                  \"textField\": \"item_name\",\n                  \"searchField\": \"item_name\",\n                  \"queryField\": \"items\",\n                  \"copyValue\": {\n                    \"item_id\": \"type2\"\n                  }\n                },\n                {\n                  \"key\": \"reward_content[].rewards[].type2_obj\",\n                  \"type\": \"autocomplete\",\n                  \"title\": \"请选择船舰\",\n                  \"condition\": \"arrayModel.type1==4\",\n                  \"interfaceId\": 86,\n                  \"textField\": \"ship_name\",\n                  \"searchField\": \"ship_name\",\n                  \"queryField\": \"ships\",\n                  \"copyValue\": {\n                    \"ship_id\": \"type2\"\n                  }\n                },\n                {\n                  \"key\": \"reward_content[].rewards[].type2_obj\",\n                  \"type\": \"autocomplete\",\n                  \"title\": \"请选择装备\",\n                  \"condition\": \"arrayModel.type1==5\",\n                  \"interfaceId\": 85,\n                  \"textField\": \"equipment_name\",\n                  \"searchField\": \"equipment_name\",\n                  \"queryField\": \"equipments\",\n                  \"copyValue\": {\n                    \"equipment_id\": \"type2\"\n                  }\n                },\n                {\n                  \"key\": \"reward_content[].rewards[].type2_obj\",\n                  \"type\": \"autocomplete\",\n                  \"title\": \"请选择随机礼包\",\n                  \"condition\": \"arrayModel.type1==6\",\n                  \"interfaceId\": 77,\n                  \"textField\": \"title\",\n                  \"searchField\": \"partly_title\",\n                  \"queryField\": \"random_gifts\",\n                  \"copyValue\": {\n                    \"random_gift_id\": \"type2\"\n                  },\n                  \"params\": {\n                    \"is_commit\": {\n                      \"static\": true,\n                      \"val\": 1\n                    },\n                    \"is_deleted\": {\n                      \"static\": true,\n                      \"val\": 0\n                    }\n                  }\n                },\n                {\n                  \"key\": \"reward_content[].rewards[].count\",\n                  \"condition\": \"arrayModel.type1!==6\",\n                  \"type\": \"number\"\n                }\n              ]\n            }\n          ]\n        }\n      ]\n    }\n  ]\n}','gt-activity-add'),(43,'{\n  \"form\": [\n    {\n      \"key\": \"status\",\n      \"type\": \"select\",\n      \"copyValueTo\":[\"r-status\"],\n      \"titleMap\": [\n        {\n          \"name\": \"已删除\",\n          \"value\": \"deleted\"\n        },\n        {\n          \"name\": \"其他\",\n          \"value\": \"default\"\n        }\n      ]\n    }\n  ]\n}','gt-activity-search'),(44,'{\n  \"type\": \"object\",\n  \"required\": [\n    \"rewards\",\n    \"title\"\n  ],\n  \"searchMode\":true,\n  \"properties\": {\n    \"partly_title\": {\n      \"type\": \"string\",\n      \"title\": \"礼包名称\"\n    },\n    \"title\": {\n      \"type\": \"string\",\n      \"title\": \"礼包名称\"\n    },\n    \"description\": {\n      \"type\": \"string\",\n      \"title\": \"礼包描述\"\n    },\n    \"rewards\": {\n      \"type\": \"array\",\n      \"title\": \"礼包内容\",\n      \"items\": {\n        \"type\": \"object\",\n        \"required\": [\n          \"type1\",\n          \"type2\",\n          \"count\"\n        ],\n        \"properties\": {\n          \"type1\": {\n            \"type\": \"number\",\n            \"title\": \"类别1\"\n          },\n          \"type2\": {\n            \"type\": \"number\",\n            \"title\": \"类别2\",\n            \"default\": 0\n          },\n          \"type2_obj\": {\n            \"type\": \"object\",\n            \"title\": \"类别2\"\n          },\n          \"count\": {\n            \"type\": \"number\",\n            \"title\": \"数量\",\n            \"minimum\": 0,\n            \"default\": 1\n          },\n          \"percent\": {\n            \"type\": \"number\",\n            \"title\": \"百分比\",\n            \"minimum\": 0,\n            \"default\": 1\n          }\n        }\n      }\n    },\n    \"is_deleted\": {\n      \"type\": \"number\",\n      \"title\": \"是否删除\"\n    },\n    \"is_commit\": {\n      \"type\": \"number\",\n      \"title\": \"是否提交\",\n      \"default\": 0\n    }\n  },\n  \"description\": \"礼包\"\n}','gt-randow-gift'),(45,'{\n  \"form\": [\n    {\n      \"key\": \"title\",\n      \"type\": \"text\"\n    },\n    {\n      \"key\": \"description\",\n      \"type\": \"textarea\",\n      \"rows\": \"1\",\n      \"cols\": \"0\"\n    },\n    {\n      \"key\": \"rewards\",\n      \"type\": \"array\",\n      \"startEmpty\": true,\n      \"fieldHtmlClass\": \"layout-row\",\n      \"sectionClass\": \"layout-row\",\n      \"items\": [\n        {\n          \"key\": \"rewards[].type1\",\n          \"type\": \"select\",\n          \"titleMap\": [\n            {\n              \"name\": \"钻石\",\n              \"value\": 1\n            },\n            {\n              \"name\": \"资源\",\n              \"value\": 2\n            },\n            {\n              \"name\": \"道具\",\n              \"value\": 3\n            },\n            {\n              \"name\": \"舰船\",\n              \"value\": 4\n            },\n            {\n              \"name\": \"装备\",\n              \"value\": 5\n            }\n          ]\n        },\n        {\n          \"key\": \"rewards[].type2_obj\",\n          \"type\": \"autocomplete\",\n          \"title\": \"请选择资源\",\n          \"condition\": \"model.rewards[arrayIndex].type1==2\",\n          \"interfaceId\": 87,\n          \"textField\": \"title\",\n          \"searchField\": \"title\",\n          \"queryField\": \"resources\",\n          \"copyValue\": {\n            \"code\": \"type2\"\n          }\n        },\n        {\n          \"key\": \"rewards[].type2_obj\",\n          \"type\": \"autocomplete\",\n          \"title\": \"请选择道具\",\n          \"condition\": \"model.rewards[arrayIndex].type1==3\",\n          \"interfaceId\": 84,\n          \"textField\": \"item_name\",\n          \"searchField\": \"item_name\",\n          \"queryField\": \"items\",\n          \"copyValue\": {\n            \"item_id\": \"type2\"\n          }\n        },\n        {\n          \"key\": \"rewards[].type2_obj\",\n          \"type\": \"autocomplete\",\n          \"title\": \"请选择船舰\",\n          \"condition\": \"model.rewards[arrayIndex].type1==4\",\n          \"interfaceId\": 86,\n          \"textField\": \"ship_name\",\n          \"searchField\": \"ship_name\",\n          \"queryField\": \"ships\",\n          \"copyValue\": {\n            \"ship_id\": \"type2\"\n          }\n        },\n        {\n          \"key\": \"rewards[].type2_obj\",\n          \"type\": \"autocomplete\",\n          \"title\": \"请选择装备\",\n          \"condition\": \"model.rewards[arrayIndex].type1==5\",\n          \"interfaceId\": 85,\n          \"textField\": \"equipment_name\",\n          \"searchField\": \"equipment_name\",\n          \"queryField\": \"equipments\",\n          \"copyValue\": {\n            \"equipment_id\": \"type2\"\n          }\n        },\n        \n        {\n          \"key\": \"rewards[].type2\",\n          \"description\": \"自动字段，不需要填写\",\n          \"condition\": \"0==1 && model.rewards[arrayIndex].type1 && model.rewards[arrayIndex].type1!==1\",\n          \"readonly\": true,\n          \"type\": \"number\"\n        },\n        {\n          \"key\": \"rewards[].count\",\n          \"condition\": \"model.rewards[arrayIndex].type1\",\n          \"type\": \"number\"\n        },\n        {\n          \"key\": \"rewards[].percent\",\n          \"description\": \"%\",\n          \"condition\": \"model.rewards[arrayIndex].type1\",\n          \"type\": \"number\"\n        }\n      ]\n    }\n  ]\n}','gt-randow-gift-add&edit'),(46,'{\n  \"form\": [\n    {\n      \"key\": \"partly_title\",\n      \"copyValueTo\": [\n        \"r-partly_title\"\n      ],\n      \"type\": \"text\"\n    },\n    {\n      \"key\": \"is_deleted\",\n      \"copyValueTo\": [\n        \"r-is_deleted\"\n      ],\n      \"type\": \"select\",\n      \"titleMap\": [\n        {\n          \"name\": \"全部\",\n          \"value\": null\n        },\n        {\n          \"name\": \"未删除\",\n          \"value\": 0\n        },\n        {\n          \"name\": \"已删除\",\n          \"value\": 1\n        }\n      ]\n    },\n    {\n      \"key\": \"is_commit\",\n      \"copyValueTo\": [\n        \"r-is_commit\"\n      ],\n      \"type\": \"select\",\n      \"titleMap\": [\n        {\n          \"name\": \"全部\",\n          \"value\": 2\n        },\n        {\n          \"name\": \"未提交\",\n          \"value\": 0\n        },\n        {\n          \"name\": \"已提交\",\n          \"value\": 1\n        }\n      ]\n    }\n  ]\n}','gt-randow-gift-search'),(47,'{\n  \"type\": \"object\",\n  \"query\": {\n    \"random_gift_id\": \"one\"\n  },\n  \"properties\": {\n    \"random_gift_id\": {\n      \"type\": \"number\"\n    }\n  }\n}','gt-randow-gift-record'),(50,'{\n  \"type\": \"object\",\n  \"required\": [\n    \"command\",\n    \"args\",\n    \"title\",\n    \"content\",\n    \"days\",\n    \"users\",\n    \"rewards\"\n  ],\n  \"properties\": {\n    \"command_obj\": {\n      \"type\": \"object\",\n      \"title\": \"搜索GM命令\"\n    },\n    \"description\": {\n      \"type\": \"string\",\n      \"title\": \"命令参数\"\n    },\n    \"command\": {\n      \"type\": \"string\",\n      \"title\": \"GM命令\"\n    },\n    \"gmargs\": {\n      \"type\": \"string\",\n      \"title\": \"参数\"\n    },\n    \"title\": {\n      \"type\": \"string\",\n      \"title\": \"邮件标题\"\n    },\n    \"content\": {\n      \"type\": \"string\",\n      \"title\": \"邮件内容\"\n    },\n    \"days\": {\n      \"type\": \"number\",\n      \"title\": \"登录天数\"\n    },\n    \"users\": {\n      \"type\": \"array\",\n      \"title\": \"奖励玩家\",\n      \"items\": {\n        \"type\": \"object\",\n        \"required\": [\n          \"user\"\n        ],\n        \"properties\": {\n          \"user\": {\n            \"type\": \"object\",\n            \"title\": \"玩家\"\n          }\n        }\n      }\n    },\n    \"rewards\": {\n      \"type\": \"array\",\n      \"title\": \"奖励内容\",\n      \"items\": {\n        \"type\": \"object\",\n        \"required\": [\n          \"type1\",\n          \"type2\",\n          \"count\"\n        ],\n        \"properties\": {\n          \"type1\": {\n            \"type\": \"number\",\n            \"title\": \"道具类别\"\n          },\n          \"type2\": {\n            \"type\": \"number\",\n            \"title\": \"道具名称\",\n            \"default\": 0\n          },\n          \"type2_obj\": {\n            \"type\": \"object\",\n            \"title\": \"搜索道具名称\"\n          },\n          \"count\": {\n            \"type\": \"number\",\n            \"title\": \"数量\",\n            \"minimum\": 0,\n            \"default\": 1\n          }\n        }\n      }\n    }\n  }\n}','gt-gm'),(51,'{\n  \"form\": [\n    {\n      \"key\": \"command_obj\",\n      \"type\": \"autocomplete\",\n      \"interfaceId\": 89,\n      \"textField\": \"description\",\n      \"searchField\": \"code\",\n      \"queryField\": \"command\",\n      \"copyValue\": {\n        \"code\": \"command\",\n        \"args\": \"description\"\n      }\n    },\n    {\n      \"key\": \"command\"\n    },\n    {\n      \"key\": \"description\",\n      \"readonly\": true\n    },\n    {\n      \"key\": \"gmargs\"\n    }\n  ]\n}','gt-gm-add&edit'),(52,'{\n  \"type\": \"object\",\n  \"required\": [\n    \"serAddress\",\n    \"serName\",\n    \"serPort\",\n    \"serProtocol\"\n  ],\n  \"properties\": {\n    \"serAddress\": {\n      \"type\": \"string\",\n      \"title\": \"服务器地址\"\n    },\n    \"serName\": {\n      \"type\": \"string\",\n      \"title\": \"服务器名称\"\n    },\n    \"isDefault\": {\n      \"type\": \"boolean\",\n      \"title\": \"是否是默认服务器\"\n    },\n    \"serPort\": {\n      \"type\": \"number\",\n      \"title\": \"服务器端口\",\n      \"default\": 80\n    },\n    \"serProtocol\": {\n      \"type\": \"string\",\n      \"title\": \"服务器协议\",\n      \"default\": \"http\"\n    }\n  }\n}','servers'),(53,'{\n  \"form\":[\n    {\n      \"key\":\"serName\"\n    },  \n    {\n      \"key\":\"serProtocol\",\n      \"type\":\"select\",\n      \"titleMap\":[\n        {\n          \"value\":\"http\",\n          \"name\":\"http\"\n        },  \n        {\n          \"value\":\"https\",\n          \"name\":\"https\"\n        }  \n      ]\n    }, \n    {\n      \"key\":\"serAddress\"\n    },\n    {\n      \"key\":\"serPort\"\n    } \n  ]\n}','servers-add&edit'),(54,'{\n  \"form\": [\n    {\n      \"key\": \"serName\",\n      \"required\": false,\n      \"copyValueTo\":[\n        \"r-serName.like\"\n      ]\n    },\n    {\n      \"key\": \"serProtocol\",\n      \"type\": \"select\",\n      \"required\": false,\n      \"copyValueTo\":[\n        \"r-serProtocol\"\n      ],\n      \"titleMap\": [\n        {\n          \"value\": \"\",\n          \"name\": \"全部\"\n        },\n        {\n          \"value\": \"http\",\n          \"name\": \"http\"\n        },\n        {\n          \"value\": \"https\",\n          \"name\": \"https\"\n        }\n      ]\n    }\n  ]\n}','servers-search'),(55,'{\n  \"form\": [\n    {\n      \"key\": \"change_server\",\n      \"required\":true,\n      \"type\": \"autocomplete\",\n      \"interfaceId\": 97,\n      \"textField\": \"serName\",\n      \"searchField\": \"serName\",\n      \"queryField\": \"\"\n    }\n  ]\n}','gt-activity-copy'),(56,'{\n  \"type\": \"object\",\n  \"required\": [\n    \"days\",\n    \"hours\",\n    \"level\",\n    \"oil\",\n    \"bullet\",\n    \"iron\",\n    \"aluminium\",\n    \"diamond\",\n    \"fleet\"\n  ],\n  \"properties\": {\n    \"uid\": {\n      \"type\": \"number\",\n      \"title\": \"玩家ID\"\n    },\n    \"level\": {\n      \"type\": \"number\",\n      \"title\": \"玩家等级\"\n    },\n    \"oil\": {\n      \"type\": \"number\",\n      \"title\": \"油\"\n    },\n    \"bullet\": {\n      \"type\": \"number\",\n      \"title\": \"弹\"\n    },\n    \"iron\": {\n      \"type\": \"number\",\n      \"title\": \"钢\"\n    },\n    \"aluminium\": {\n      \"type\": \"number\",\n      \"title\": \"铝\"\n    },\n    \"diamond\": {\n      \"type\": \"number\",\n      \"title\": \"钻石\"\n    },\n    \"player_name\": {\n      \"type\": \"string\",\n      \"title\": \"玩家昵称\"\n    },\n    \"player_id\": {\n      \"type\": \"number\",\n      \"title\": \"玩家ID\"\n    },\n    \"days\": {\n      \"type\": \"number\",\n      \"title\": \"封停天数\"\n    },\n    \"hours\": {\n      \"type\": \"number\",\n      \"title\": \"禁言时间\",\n      \"description\": \"时间以小时为单位\"\n    },\n    \"paths\": {\n      \"type\": \"array\",\n      \"title\": \"路径信息\",\n      \"items\": {\n        \"type\": \"object\",\n        \"required\": [\n          \"path\"\n        ],\n        \"properties\": {\n          \"path\": {\n            \"type\": \"object\",\n            \"title\": \"路径信息\"\n          }\n        }\n      }\n    },\n    \"map\": {\n      \"type\": \"object\",\n      \"title\": \"地图信息\"\n    },\n     \"fleet\": {\n      \"type\": \"object\",\n      \"title\": \"舰队信息\"\n    },\n    \"task\": {\n      \"type\": \"object\",\n      \"title\": \"任务\"\n    },\n    \"product\": {\n      \"type\": \"object\",\n      \"title\": \"商品信息\"\n    },\n    \"product_price\": {\n      \"type\": \"number\",\n      \"title\": \"商品价格\"\n    },\n    \"is_custom\": {\n      \"type\": \"boolean\",\n      \"title\": \"客服代充\"\n    },\n    \"is_double\": {\n      \"type\": \"boolean\",\n      \"title\": \"是否双倍\"\n    },\n    \"ships\": {\n      \"type\": \"array\",\n      \"title\": \"玩家船只\",\n      \"items\": {\n        \"type\": \"object\",\n        \"required\": [\n          \"ship\",\n          \"prop\",\n          \"value\"\n        ],\n        \"properties\": {\n          \"ship\": {\n            \"type\": \"object\"\n          },\n          \"skills\": {\n            \"type\": \"array\",\n            \"title\": \"船的技能\",\n            \"items\": {\n              \"type\": \"object\",\n              \"required\": [\n                \"skill\",\n                \"level\"\n              ],\n              \"properties\": {\n                \"skill\": {\n                  \"type\": \"object\",\n                  \"title\": \"技能\"\n                },\n                \"level\": {\n                  \"type\": \"number\",\n                  \"title\": \"等级\"\n                }\n              }\n            }\n          },\n          \"degred\": {\n            \"type\": \"number\",\n            \"title\": \"好感度\"\n          },\n          \"prop\": {\n            \"type\": \"object\"\n          },\n          \"value\": {\n            \"type\": \"number\",\n            \"title\": \"修改后的值\"\n          }\n        }\n      }\n    }\n  },\n  \"description\": \"interface的schema类型\"\n}','gt-player'),(57,'{\n  \"form\": [\n    {\n      \"key\": \"player_name\",\n      \"copyValueTo\":[\"r-player_name\"]\n    },\n    {\n      \"key\": \"player_id\",\n      \"copyValueTo\":[\"r-player_id\"]\n    }\n  ]\n}','gt-player-search'),(58,'{\n  \"form\": [\n    {\n      \"key\": \"uid\",\n      \"readonly\": true\n    },\n    {\n      \"key\": \"ships\",\n      \"type\": \"array\",\n      \"startEmpty\": true,\n      \"items\": [\n        {\n          \"key\": \"ships[].ship\",\n          \"title\": \"请搜索舰船\",\n          \"type\": \"autocomplete\",\n          \"interfaceId\": 114,\n          \"textField\": \"ship_name\",\n          \"searchField\": \"ship_name\",\n          \"queryField\": \"ship_items\",\n          \"params\": {\n            \"uid\": {\n              \"top\": true,\n              \"key\": \"uid\"\n            }\n          },\n          \"clearList\": [\n            \"prop\",\n            \"value\"\n          ]\n        },\n        {\n          \"key\": \"ships[].prop\",\n          \"title\": \"请搜索属性\",\n          \"type\": \"autocomplete\",\n          \"condition\": \"!!arrayModel.ship\",\n          \"interfaceId\": 115,\n          \"textField\": \"prop_name\",\n          \"searchField\": \"prop_name\",\n          \"queryField\": \"props\",\n          \"params\": {\n            \"ship\": {\n              \"top\": false,\n              \"key\": \"ship_id\"\n            }\n          }\n        },\n        {\n          \"key\": \"ships[].value\",\n          \"condition\": \"!!arrayModel.prop\",\n          \"title\": \"修改后的值\"\n        }\n      ]\n    }\n  ]\n}','gt-player_ships_edit'),(59,'{\n  \"form\": [\n    {\n      \"key\": \"title\"\n    },\n    {\n      \"key\": \"content\",\n      \"type\": \"textarea\",\n      \"rows\": 2\n    },\n    {\n      \"key\": \"rewards\",\n      \"type\": \"array\",\n      \"startEmpty\": true,\n      \"fieldHtmlClass\": \"layout-row\",\n      \"sectionClass\": \"layout-row\",\n      \"items\": [\n        {\n          \"key\": \"rewards[].type1\",\n          \"type\": \"select\",\n          \"htmlClass\": \"flex\",\n          \"titleMap\": [\n            {\n              \"name\": \"钻石\",\n              \"value\": 1\n            },\n            {\n              \"name\": \"资源\",\n              \"value\": 2\n            },\n            {\n              \"name\": \"道具\",\n              \"value\": 3\n            },\n            {\n              \"name\": \"舰船\",\n              \"value\": 4\n            },\n            {\n              \"name\": \"装备\",\n              \"value\": 5\n            }\n          ]\n        },\n        {\n          \"key\": \"rewards[].type2_obj\",\n          \"type\": \"autocomplete\",\n          \"title\": \"请选择资源\",\n          \"condition\": \"model.rewards[arrayIndex].type1==2\",\n          \"interfaceId\": 87,\n          \"textField\": \"title\",\n          \"searchField\": \"title\",\n          \"queryField\": \"resources\",\n          \"copyValue\": {\n            \"code\": \"type2\"\n          }\n        },\n        {\n          \"key\": \"rewards[].type2_obj\",\n          \"type\": \"autocomplete\",\n          \"title\": \"请选择道具\",\n          \"condition\": \"model.rewards[arrayIndex].type1==3\",\n          \"interfaceId\": 84,\n          \"textField\": \"item_name\",\n          \"searchField\": \"item_name\",\n          \"queryField\": \"items\",\n          \"copyValue\": {\n            \"item_id\": \"type2\"\n          }\n        },\n        {\n          \"key\": \"rewards[].type2_obj\",\n          \"type\": \"autocomplete\",\n          \"title\": \"请选择船舰\",\n          \"condition\": \"model.rewards[arrayIndex].type1==4\",\n          \"interfaceId\": 86,\n          \"textField\": \"ship_name\",\n          \"searchField\": \"ship_name\",\n          \"queryField\": \"ships\",\n          \"copyValue\": {\n            \"ship_id\": \"type2\"\n          }\n        },\n        {\n          \"key\": \"rewards[].type2_obj\",\n          \"type\": \"autocomplete\",\n          \"title\": \"请选择装备\",\n          \"condition\": \"model.rewards[arrayIndex].type1==5\",\n          \"interfaceId\": 85,\n          \"textField\": \"equipment_name\",\n          \"searchField\": \"equipment_name\",\n          \"queryField\": \"equipments\",\n          \"copyValue\": {\n            \"equipment_id\": \"type2\"\n          }\n        },\n        {\n          \"key\": \"rewards[].type2\",\n          \"htmlClass\": \"flex\",\n          \"description\": \"自动字段，不需要填写\",\n          \"condition\": \"model.rewards[arrayIndex].type1 && model.rewards[arrayIndex].type1!==1\",\n          \"readonly\": true,\n          \"type\": \"number\"\n        },\n        {\n          \"key\": \"rewards[].count\",\n          \"condition\": \"model.rewards[arrayIndex].type1\",\n          \"htmlClass\": \"flex\",\n          \"type\": \"number\"\n        }\n      ]\n    }\n  ]\n}','gt-gm-all_rewards'),(60,'{\n  \"form\": [\n    {\n      \"key\": \"title\"\n    },\n    {\n      \"key\": \"content\",\n      \"type\": \"textarea\",\n      \"rows\": 2\n    },\n    {\n      \"key\": \"days\",\n      \"type\": \"number\"\n    },\n    {\n      \"key\": \"rewards\",\n      \"type\": \"array\",\n      \"startEmpty\": true,\n      \"fieldHtmlClass\": \"layout-row\",\n      \"sectionClass\": \"layout-row\",\n      \"items\": [\n        {\n          \"key\": \"rewards[].type1\",\n          \"type\": \"select\",\n          \"htmlClass\": \"flex\",\n          \"titleMap\": [\n            {\n              \"name\": \"钻石\",\n              \"value\": 1\n            },\n            {\n              \"name\": \"资源\",\n              \"value\": 2\n            },\n            {\n              \"name\": \"道具\",\n              \"value\": 3\n            },\n            {\n              \"name\": \"舰船\",\n              \"value\": 4\n            },\n            {\n              \"name\": \"装备\",\n              \"value\": 5\n            }\n          ]\n        },\n        {\n          \"key\": \"rewards[].type2_obj\",\n          \"type\": \"autocomplete\",\n          \"title\": \"请选择资源\",\n          \"condition\": \"model.rewards[arrayIndex].type1==2\",\n          \"interfaceId\": 87,\n          \"textField\": \"title\",\n          \"searchField\": \"title\",\n          \"queryField\": \"resources\",\n          \"copyValue\": {\n            \"code\": \"type2\"\n          }\n        },\n        {\n          \"key\": \"rewards[].type2_obj\",\n          \"type\": \"autocomplete\",\n          \"title\": \"请选择道具\",\n          \"condition\": \"model.rewards[arrayIndex].type1==3\",\n          \"interfaceId\": 84,\n          \"textField\": \"item_name\",\n          \"searchField\": \"item_name\",\n          \"queryField\": \"items\",\n          \"copyValue\": {\n            \"item_id\": \"type2\"\n          }\n        },\n        {\n          \"key\": \"rewards[].type2_obj\",\n          \"type\": \"autocomplete\",\n          \"title\": \"请选择船舰\",\n          \"condition\": \"model.rewards[arrayIndex].type1==4\",\n          \"interfaceId\": 86,\n          \"textField\": \"ship_name\",\n          \"searchField\": \"ship_name\",\n          \"queryField\": \"ships\",\n          \"copyValue\": {\n            \"ship_id\": \"type2\"\n          }\n        },\n        {\n          \"key\": \"rewards[].type2_obj\",\n          \"type\": \"autocomplete\",\n          \"title\": \"请选择装备\",\n          \"condition\": \"model.rewards[arrayIndex].type1==5\",\n          \"interfaceId\": 85,\n          \"textField\": \"equipment_name\",\n          \"searchField\": \"equipment_name\",\n          \"queryField\": \"equipments\",\n          \"copyValue\": {\n            \"equipment_id\": \"type2\"\n          }\n        },\n        {\n          \"key\": \"rewards[].type2\",\n          \"htmlClass\": \"flex\",\n          \"description\": \"自动字段，不需要填写\",\n          \"condition\": \"model.rewards[arrayIndex].type1 && model.rewards[arrayIndex].type1!==1\",\n          \"readonly\": true,\n          \"type\": \"number\"\n        },\n        {\n          \"key\": \"rewards[].count\",\n          \"condition\": \"model.rewards[arrayIndex].type1\",\n          \"htmlClass\": \"flex\",\n          \"type\": \"number\"\n        }\n      ]\n    }\n  ]\n}','gt-gm-login_rewards'),(61,'{\n  \"form\": [\n    {\n      \"key\": \"title\"\n    },\n    {\n      \"key\": \"content\",\n      \"type\": \"textarea\",\n      \"rows\": 2\n    },\n    {\n      \"key\": \"users\",\n      \"type\": \"array\",\n      \"startEmpty\": true,\n      \"items\": [\n        {\n          \"key\": \"users[].user\",\n          \"type\": \"autocomplete\",\n          \"title\": \"玩家信息\",\n          \"interfaceId\": 108,\n          \"textField\": \"nickname\",\n          \"searchField\": \"player_name\",\n          \"queryField\": \"players\"\n        }\n      ]\n    },\n    {\n      \"key\": \"rewards\",\n      \"type\": \"array\",\n      \"startEmpty\": true,\n      \"fieldHtmlClass\": \"layout-row\",\n      \"sectionClass\": \"layout-row\",\n      \"items\": [\n        {\n          \"key\": \"rewards[].type1\",\n          \"type\": \"select\",\n          \"htmlClass\": \"flex\",\n          \"titleMap\": [\n            {\n              \"name\": \"钻石\",\n              \"value\": 1\n            },\n            {\n              \"name\": \"资源\",\n              \"value\": 2\n            },\n            {\n              \"name\": \"道具\",\n              \"value\": 3\n            },\n            {\n              \"name\": \"舰船\",\n              \"value\": 4\n            },\n            {\n              \"name\": \"装备\",\n              \"value\": 5\n            }\n          ]\n        },\n        {\n          \"key\": \"rewards[].type2_obj\",\n          \"type\": \"autocomplete\",\n          \"title\": \"请选择资源\",\n          \"condition\": \"model.rewards[arrayIndex].type1==2\",\n          \"interfaceId\": 87,\n          \"textField\": \"title\",\n          \"searchField\": \"title\",\n          \"queryField\": \"resources\",\n          \"copyValue\": {\n            \"code\": \"type2\"\n          }\n        },\n        {\n          \"key\": \"rewards[].type2_obj\",\n          \"type\": \"autocomplete\",\n          \"title\": \"请选择道具\",\n          \"condition\": \"model.rewards[arrayIndex].type1==3\",\n          \"interfaceId\": 84,\n          \"textField\": \"item_name\",\n          \"searchField\": \"item_name\",\n          \"queryField\": \"items\",\n          \"copyValue\": {\n            \"item_id\": \"type2\"\n          }\n        },\n        {\n          \"key\": \"rewards[].type2_obj\",\n          \"type\": \"autocomplete\",\n          \"title\": \"请选择船舰\",\n          \"condition\": \"model.rewards[arrayIndex].type1==4\",\n          \"interfaceId\": 86,\n          \"textField\": \"ship_name\",\n          \"searchField\": \"ship_name\",\n          \"queryField\": \"ships\",\n          \"copyValue\": {\n            \"ship_id\": \"type2\"\n          }\n        },\n        {\n          \"key\": \"rewards[].type2_obj\",\n          \"type\": \"autocomplete\",\n          \"title\": \"请选择装备\",\n          \"condition\": \"model.rewards[arrayIndex].type1==5\",\n          \"interfaceId\": 85,\n          \"textField\": \"equipment_name\",\n          \"searchField\": \"equipment_name\",\n          \"queryField\": \"equipments\",\n          \"copyValue\": {\n            \"equipment_id\": \"type2\"\n          }\n        },\n        {\n          \"key\": \"rewards[].type2\",\n          \"htmlClass\": \"flex\",\n          \"description\": \"自动字段，不需要填写\",\n          \"condition\": \"model.rewards[arrayIndex].type1 && model.rewards[arrayIndex].type1!==1\",\n          \"readonly\": true,\n          \"type\": \"number\"\n        },\n        {\n          \"key\": \"rewards[].count\",\n          \"condition\": \"model.rewards[arrayIndex].type1\",\n          \"htmlClass\": \"flex\",\n          \"type\": \"number\"\n        }\n      ]\n    }\n  ]\n}','gt-gm-users_rewards'),(62,'{\n  \"form\": [\n    {\n      \"key\": \"uid\",\n      \"readonly\": true\n    },\n    {\n      \"key\": \"map\",\n      \"title\": \"请搜索地图\",\n      \"type\": \"autocomplete\",\n      \"interfaceId\": 117,\n      \"textField\": \"map_name\",\n      \"searchField\": \"map_name\",\n      \"queryField\": \"maps\",\n      \"clearList\": [\n        \"path\"\n      ]\n    },\n    {\n      \"key\": \"paths\",\n      \"type\": \"array\",\n      \n          \"condition\": \"!!arrayModel.map\",\n      \"items\": [\n        {\n          \"key\": \"paths[].path\",\n          \"title\": \"请搜索路径\",\n          \"type\": \"autocomplete\",\n          \"interfaceId\": 118,\n          \"textField\": \"path_name\",\n          \"searchField\": \"path_name\",\n          \"queryField\": \"props\",\n          \"params\": {\n            \"map_id\": {\n              \"top\": true,\n              \"key\": \"map.map_id\"\n            }\n          }\n        }\n      ]\n    }\n  ]\n}','gt-player-edit-path'),(63,'{\n  \"form\": [\n    {\n      \"key\": \"uid\",\n      \"readonly\": true\n    },\n    {\n      \"key\": \"days\",\n      \"title\": \"封停天数\"\n    }\n  ]\n}','gt-player-stop'),(64,'{\n  \"form\": [\n    {\n      \"key\": \"uid\",\n      \"readonly\": true\n    },\n    {\n      \"key\": \"hours\"\n    }\n  ]\n}','gt-player-disabled_words'),(65,'{\n  \"form\": [\n    {\n      \"key\": \"uid\",\n      \"readonly\": true\n    },\n    {\n      \"key\": \"level\"\n    },\n    {\n      \"key\": \"oil\"\n    },\n    {\n      \"key\": \"bullet\"\n    },\n    {\n      \"key\": \"iron\"\n    },\n    {\n      \"key\": \"aluminium\"\n    },\n    {\n      \"key\": \"diamond\"\n    }\n  ]\n}','gt-player-eidt_resources'),(66,'{\n  \"form\": [\n    {\n      \"key\": \"uid\",\n      \"readonly\": true\n    },\n    {\n      \"key\": \"task\",\n      \"type\": \"autocomplete\",\n      \"interfaceId\": 125,\n      \"textField\": \"task_name\",\n      \"searchField\": \"task_name\",\n      \"queryField\": \"tasks\",\n      \"params\": {\n        \"uid\": {\n          \"top\": true,\n          \"key\": \"uid\"\n        }\n      }\n    }  \n  ]\n}','gt-player-add-task'),(67,'{\n  \"form\": [\n    {\n      \"key\": \"is_custom\",\n      \"type\":\"checkbox\"\n    },\n    {\n      \"key\": \"is_double\",\n      \"type\":\"checkbox\"\n    },\n    {\n      \"key\": \"product\",\n      \"type\": \"autocomplete\",\n      \"title\": \"请选择商品\",\n      \"interfaceId\": 83,\n      \"textField\": \"product_name\",\n      \"searchField\": \"product_name\",\n      \"queryField\": \"products\",\n      \"copyValue\": {\n        \"product_price\": \"product_price\"\n      }\n    },\n    {\n      \"key\": \"product_price\",\n      \"condition\":\"!model.is_custom\",\n      \"readonly\":true\n    },\n    {\n      \"key\": \"product_price\",\n      \"condition\":\"model.is_custom\",\n      \"readonly\":false\n    }\n    \n  ]\n}','gt-player-recharge'),(68,'{\n  \"form\": [\n    {\n      \"key\": \"uid\",\n      \"readonly\": true\n    },\n    {\n      \"key\": \"ships\",\n      \"type\": \"array\",\n      \"startEmpty\": true,\n      \"items\": [\n        {\n          \"key\": \"ships[].ship\",\n          \"title\": \"请搜索舰船\",\n          \"type\": \"autocomplete\",\n          \"interfaceId\": 114,\n          \"textField\": \"ship_name\",\n          \"searchField\": \"ship_name\",\n          \"queryField\": \"ship_items\",\n          \"params\": {\n            \"uid\": {\n              \"top\": true,\n              \"key\": \"uid\"\n            }\n          }\n        },\n        {\n          \"key\": \"ships[].degree\",\n          \"title\": \"好感度\"\n        }\n      ]\n    }\n  ]\n}','gt-player_ship_degree'),(69,'{\n  \"form\": [\n    {\n      \"key\": \"uid\",\n      \"readonly\": true\n    },\n    {\n      \"key\": \"ships\",\n      \"type\": \"array\",\n      \"startEmpty\": true,\n      \"items\": [\n        {\n          \"key\": \"ships[].ship\",\n          \"title\": \"请搜索舰船\",\n          \"type\": \"autocomplete\",\n          \"interfaceId\": 114,\n          \"textField\": \"ship_name\",\n          \"searchField\": \"ship_name\",\n          \"queryField\": \"ship_items\",\n          \"params\": {\n            \"uid\": {\n              \"top\": true,\n              \"key\": \"uid\"\n            }\n          },\n          \"clearList\": [\n            \"skills\"\n          ]\n        },\n        {\n          \"key\": \"ships[].skills\",\n          \"type\": \"array\",\n          \"condition\": \"!!arrayModel.ship\",\n          \"items\": [\n            {\n              \"key\": \"ships[].skills[].skill\",\n              \"title\": \"请搜索技能\",\n              \"type\": \"autocomplete\",\n              \"interfaceId\": 132,\n              \"textField\": \"skill_name\",\n              \"searchField\": \"skill_name\",\n              \"queryField\": \"skills\",\n              \"params\": {\n                \"ship_id\": {\n                  \"top\": false,\n                  \"parent\": true,\n                  \"key\": \"$parent.$parent.$parent.$parent.$parent.$parent.item.ship.ship_cid\"\n                }\n              }\n            },\n            {\n              \"key\": \"ships[].skills[].level\"\n            }\n          ]\n        }\n      ]\n    }\n  ]\n}','gt-player-ship_skill'),(70,'{\n  \"form\": [\n    {\n      \"key\": \"uid\",\n      \"readonly\": true\n    },\n    {\n      \"key\": \"ships\",\n      \"type\": \"array\",\n      \"startEmpty\": true,\n      \"items\": [\n        {\n          \"key\": \"ships[].ship\",\n          \"title\": \"请搜索舰船\",\n          \"type\": \"autocomplete\",\n          \"interfaceId\": 134,\n          \"textField\": \"ship_name\",\n          \"searchField\": \"ship_name\",\n          \"queryField\": \"ship_items\",\n          \"prefix\":\"-\",\n          \"muti\":[\n            \"ship_name\",\n            \"ship_level\"\n          ],\n          \"params\": {\n            \"uid\": {\n              \"top\": true,\n              \"key\": \"uid\"\n            }\n          }\n        }\n      ]\n    }\n  ]\n}','gt-player-ship_strengthen'),(71,'{\n  \"form\": [\n    {\n      \"key\": \"uid\",\n      \"readonly\": true\n    },\n    {\n      \"key\": \"fleet\",\n      \"type\": \"autocomplete\",\n      \"interfaceId\": 131,\n      \"textField\": \"fleet_name\",\n      \"searchField\": \"fleet_name\",\n      \"queryField\": \"fleets\",\n      \"params\": {\n        \"uid\": {\n          \"top\": true,\n          \"key\": \"uid\"\n        }\n      }\n    }\n  ]\n}','gt-player-open-fleet'),(72,'{\n  \"form\": [\n    {\n      \"key\": \"name\",\n      \"type\": \"text\"\n    },\n    {\n      \"key\": \"type\",\n      \"type\": \"select\",\n      \"titleMap\": [\n        {\n          \"name\": \"充值活动\",\n          \"value\": 2\n        },\n        {\n          \"name\": \"累计消耗\",\n          \"value\": 3\n        },\n        {\n          \"name\": \"通关有礼活动\",\n          \"value\": 4\n        },\n        {\n          \"name\": \"建造指定舰船\",\n          \"value\": 5\n        },\n        {\n          \"name\": \"登陆活动\",\n          \"value\": 6\n        },\n        {\n          \"name\": \"商城活动\",\n          \"value\": 7\n        },\n        {\n          \"name\": \"倍率翻倍\",\n          \"value\": 9\n        },\n        {\n          \"name\": \"道具收集\",\n          \"value\": 10\n        },\n        {\n          \"name\": \"图鉴收集\",\n          \"value\": 11\n        },\n        {\n          \"name\": \"好感度\",\n          \"value\": 12\n        }\n      ]\n    },\n    {\n      \"key\": \"sub_type\",\n      \"type\": \"select\",\n      \"condition\": \"model.type==9\",\n      \"default\": 1,\n      \"titleMap\": [\n        {\n          \"name\": \"掉落数量翻倍\",\n          \"value\": 1\n        },\n        {\n          \"name\": \"收益倍率\",\n          \"value\": 2\n        },\n        {\n          \"name\": \"关卡次数增加\",\n          \"value\": 3\n        }\n      ]\n    },\n    {\n      \"key\": \"sub_type\",\n      \"type\": \"select\",\n      \"condition\": \"model.type==2\",\n      \"default\": 1,\n      \"titleMap\": [\n        {\n          \"name\": \"累计充值\",\n          \"value\": 1\n        },\n        {\n          \"name\": \"每日累计充值\",\n          \"value\": 2\n        },\n        {\n          \"name\": \"单笔充值\",\n          \"value\": 3\n        }\n      ]\n    },\n    {\n      \"key\": \"sub_type\",\n      \"type\": \"select\",\n      \"condition\": \"model.type==4\",\n      \"default\": 1,\n      \"titleMap\": [\n        {\n          \"name\": \"指定通关\",\n          \"value\": 1\n        },\n        {\n          \"name\": \"通关次数\",\n          \"value\": 2\n        }\n      ]\n    },\n    {\n      \"key\": \"sub_type\",\n      \"type\": \"select\",\n      \"condition\": \"model.type==5\",\n      \"default\": 1,\n      \"titleMap\": [\n        {\n          \"name\": \"建造指定船\",\n          \"value\": 1\n        },\n        {\n          \"name\": \"建造指定类型\",\n          \"value\": 2\n        }\n      ]\n    },\n    {\n      \"key\": \"sub_type\",\n      \"type\": \"select\",\n      \"condition\": \"model.type==7\",\n      \"default\": 1,\n      \"titleMap\": [\n        {\n          \"name\": \"销售活动\",\n          \"value\": 1\n        },\n        {\n          \"name\": \"限时打折\",\n          \"value\": 2\n        }\n      ]\n    },\n    {\n      \"key\": \"login_type\",\n      \"type\": \"select\",\n      \"condition\": \"model.type==6\",\n      \"titleMap\": [\n        {\n          \"name\": \"累计登陆\",\n          \"value\": 1\n        },\n        {\n          \"name\": \"连续登陆\",\n          \"value\": 2\n        },\n        {\n          \"name\": \"登陆即送\",\n          \"value\": 3\n        }\n      ]\n    },\n    {\n      \"key\": \"start_at_i\",\n      \"fieldClass\": \"flex\",\n      \"type\": \"datetimepicker\"\n    },\n    {\n      \"key\": \"end_at_i\",\n      \"fieldClass\": \"flex\",\n      \"type\": \"datetimepicker\"\n    },\n    {\n      \"key\": \"income_type\",\n      \"type\": \"checkboxes\",\n      \"default\": 1,\n      \"titleMap\": [\n        {\n          \"name\": \"资源\",\n          \"value\": 1\n        },\n        {\n          \"name\": \"经验\",\n          \"value\": 2\n        }\n      ],\n      \"condition\": \"model.type==9 && model.sub_type==2\"\n    },\n    {\n      \"key\": \"number\",\n      \"type\": \"number\",\n      \"condition\": \"model.type==9\"\n    },\n    {\n      \"key\": \"stage_range\",\n      \"type\": \"checkboxes\",\n      \"titleMap\": [\n        {\n          \"value\": 1,\n          \"name\": \"出征\"\n        },\n        {\n          \"value\": 3,\n          \"name\": \"远征\"\n        },\n        {\n          \"value\": 4,\n          \"name\": \"战役\"\n        }\n      ],\n      \"condition\": \"model.type==9 && model.sub_type==1\"\n    },\n    {\n      \"key\": \"stage_range\",\n      \"type\": \"checkboxes\",\n      \"titleMap\": [\n        {\n          \"value\": 1,\n          \"name\": \"出征\"\n        },\n        {\n          \"value\": 2,\n          \"name\": \"演习\"\n        },\n        {\n          \"value\": 3,\n          \"name\": \"远征\"\n        },\n        {\n          \"value\": 4,\n          \"name\": \"战役\"\n        }\n      ],\n      \"condition\": \"model.type==9 && model.sub_type===2\"\n    },\n    {\n      \"key\": \"stage_range\",\n      \"type\": \"checkboxes\",\n      \"singleSelected\": true,\n      \"titleMap\": [\n        {\n          \"value\": 2,\n          \"name\": \"演习\"\n        },\n        {\n          \"value\": 4,\n          \"name\": \"战役\"\n        }\n      ],\n      \"condition\": \"model.type==9 && model.sub_type===3\"\n    },\n    {\n      \"key\": \"reward_type\",\n      \"type\": \"checkboxes\",\n      \"titleMap\": [\n        {\n          \"value\": 1,\n          \"name\": \"经验\"\n        },\n        {\n          \"value\": 2,\n          \"name\": \"资源\"\n        },\n        {\n          \"value\": 3,\n          \"name\": \"好感度\"\n        }\n      ],\n      \"condition\": \"0==1 && model.type==9 && model.sub_type==2\"\n    },\n    {\n      \"key\": \"ship_count\",\n      \"type\": \"number\",\n      \"condition\": \"model.type==5 && model.sub_type==1\"\n    },\n    {\n      \"key\": \"ships\",\n      \"type\": \"array\",\n      \"uniqueItems\": true,\n      \"condition\": \"(model.type==5 && model.sub_type==1) || model.type==12\",\n      \"items\": [\n        {\n          \"key\": \"ships[].ship\",\n          \"type\": \"autocomplete\",\n          \"title\": \"请选择船舰\",\n          \"interfaceId\": 86,\n          \"textField\": \"ship_name\",\n          \"searchField\": \"ship_name\",\n          \"queryField\": \"ships\"\n        }\n      ]\n    },\n    {\n      \"key\": \"condition\",\n      \"type\": \"select\",\n      \"fieldHtmlClass\": \"layout-row\",\n      \"titleMap\": [\n        {\n          \"name\": \"组合/指定\",\n          \"value\": \"0\"\n        },\n        {\n          \"name\": \"任意一艘\",\n          \"value\": \"1\"\n        },\n        {\n          \"name\": \"任意二艘\",\n          \"value\": \"2\"\n        },\n        {\n          \"name\": \"任意三艘\",\n          \"value\": \"3\"\n        }\n      ],\n      \"condition\": \"model.type==5 && model.sub_type==1\"\n    },\n    {\n      \"key\": \"open\",\n      \"type\": \"checkbox\",\n      \"condition\": \"model.type==4 || model.type==7 || model.type==9\"\n    },\n    {\n      \"key\": \"reward_content\",\n      \"type\": \"array\",\n      \"default\": [],\n      \"startEmpty\": false,\n      \"title\": \"条件\",\n      \"condition\": \"model.type && (model.type !=9 || (model.type==5 && model.sub_type==2))\",\n      \"items\": [\n        {\n          \"type\": \"section\",\n          \"htmlClass\": \"layout-row\",\n          \"items\": [\n            {\n              \"key\": \"reward_content[].degree\",\n              \"type\": \"select\",\n              \"titleMap\": [\n                {\n                  \"name\": \"陌生\",\n                  \"value\": \"1\"\n                },\n                {\n                  \"name\": \"友善\",\n                  \"value\": \"2\"\n                },\n                {\n                  \"name\": \"亲密\",\n                  \"value\": \"3\"\n                },\n                {\n                  \"name\": \"爱\",\n                  \"value\": \"4\"\n                }\n              ],\n              \"condition\": \"model.type==12\"\n            },\n            {\n              \"key\": \"reward_content[].collection_count\",\n              \"type\": \"number\",\n              \"condition\": \"model.type==11\"\n            },\n            {\n              \"key\": \"reward_content[].consume_type\",\n              \"type\": \"select\",\n              \"title\": \"消耗道具类型\",\n              \"titleMap\": [\n                {\n                  \"value\": 1,\n                  \"name\": \"钻石\"\n                },\n                {\n                  \"value\": 2,\n                  \"name\": \"资源\"\n                },\n                {\n                  \"value\": 3,\n                  \"name\": \"道具\"\n                },\n                {\n                  \"value\": 6,\n                  \"name\": \"资源总和\"\n                }\n              ],\n              \"condition\": \"model.type==3\"\n            },\n            {\n              \"key\": \"reward_content[].consume_resource\",\n              \"condition\": \"model.type==3 && arrayModel.consume_type==2\",\n              \"type\": \"autocomplete\",\n              \"title\": \"请选择资源\",\n              \"interfaceId\": 87,\n              \"textField\": \"title\",\n              \"searchField\": \"title\",\n              \"queryField\": \"resources\"\n            },\n            {\n              \"key\": \"reward_content[].consume_item\",\n              \"condition\": \"model.type==3 && arrayModel.consume_type==3\",\n              \"type\": \"autocomplete\",\n              \"title\": \"请选择道具\",\n              \"interfaceId\": 84,\n              \"textField\": \"item_name\",\n              \"searchField\": \"item_name\",\n              \"queryField\": \"items\"\n            },\n            {\n              \"key\": \"reward_content[].range\",\n              \"title\": \"关卡范围\",\n              \"type\": \"select\",\n              \"titleMap\": [\n                {\n                  \"name\": \"出征\",\n                  \"value\": \"1\"\n                },\n                {\n                  \"name\": \"战役\",\n                  \"value\": \"4\"\n                }\n              ],\n              \"condition\": \"model.type==4\"\n            },\n            {\n              \"key\": \"reward_content[].stage\",\n              \"condition\": \"model.type==4 && arrayModel.range==1 && model.sub_type==1\",\n              \"type\": \"autocomplete\",\n              \"title\": \"请选择副本\",\n              \"interfaceId\": 93,\n              \"textField\": \"stage_name\",\n              \"searchField\": \"stage_name\",\n              \"queryField\": \"stages\"\n            },\n            {\n              \"key\": \"reward_content[].level\",\n              \"type\": \"select\",\n              \"condition\": \"model.type==4 && arrayModel.range==4 && model.sub_type==2\",\n              \"titleMap\": [\n                {\n                  \"name\": \"普通难度\",\n                  \"value\": 1\n                },\n                {\n                  \"name\": \"困难难度\",\n                  \"value\": 2\n                },\n                {\n                  \"name\": \"不限难度\",\n                  \"value\": 3\n                }\n              ]\n            },\n            {\n              \"key\": \"reward_content[].battle\",\n              \"condition\": \"model.type==4 && arrayModel.range==4 && model.sub_type==1\",\n              \"type\": \"autocomplete\",\n              \"title\": \"请选择战役\",\n              \"interfaceId\": 104,\n              \"textField\": \"stage_name\",\n              \"searchField\": \"stage_name\",\n              \"queryField\": \"battles\"\n            },\n            {\n              \"key\": \"reward_content[].days\",\n              \"condition\": \"model.type==6\",\n              \"type\": \"number\"\n            },\n            {\n              \"key\": \"reward_content[].target\",\n              \"condition\": \"model.type==10\",\n              \"type\": \"autocomplete\",\n              \"title\": \"请选择道具\",\n              \"interfaceId\": 84,\n              \"textField\": \"item_name\",\n              \"searchField\": \"item_name\",\n              \"queryField\": \"items\"\n            },\n            {\n              \"key\": \"reward_content[].amount\",\n              \"title\": \"充值金额达到\",\n              \"type\": \"number\",\n              \"condition\": \"model.type==2 \",\n              \"default\": 1\n            },\n            {\n              \"key\": \"reward_content[].amount\",\n              \"type\": \"number\",\n              \"title\": \"累计消耗\",\n              \"condition\": \"model.type==3\",\n              \"default\": 1\n            },\n            {\n              \"key\": \"reward_content[].amount\",\n              \"type\": \"number\",\n              \"title\": \"次数\",\n              \"condition\": \"model.type==4\",\n              \"default\": 1\n            },\n            {\n              \"key\": \"reward_content[].amount\",\n              \"type\": \"number\",\n              \"title\": \"数量\",\n              \"condition\": \"model.type==10\",\n              \"default\": 1\n            },\n            {\n              \"key\": \"reward_content[].type2_obj\",\n              \"type\": \"autocomplete\",\n              \"title\": \"请选择素体\",\n              \"condition\": \"model.type===5 && model.sub_type===2\",\n              \"interfaceId\": 96,\n              \"textField\": \"type_name\",\n              \"searchField\": \"type_name\",\n              \"queryField\": \"types\"\n            },\n            {\n              \"key\": \"reward_content[].amount\",\n              \"type\": \"number\",\n              \"title\": \"数量\",\n              \"condition\": \"model.type===5 && model.sub_type===2\",\n              \"default\": 1\n            }\n          ]\n        },\n        {\n          \"type\": \"array\",\n          \"key\": \"reward_content[].items\",\n          \"condition\": \"model.type == 7\",\n          \"default\": [],\n          \"subTitle\": \"商城道具\",\n          \"items\": [\n            {\n              \"type\": \"section\",\n              \"htmlClass\": \"layout-row\",\n              \"decoratorClass\": \"flex\",\n              \"items\": [\n                {\n                  \"key\": \"reward_content[].items[].item\",\n                  \"type\": \"autocomplete\",\n                  \"title\": \"请选择商城道具\",\n                  \"interfaceId\": 95,\n                  \"textField\": \"product_name\",\n                  \"searchField\": \"product_name\",\n                  \"queryField\": \"products\",\n                  \"copyValue\": {\n                    \"product_id\": \"item_id\"\n                  }\n                },\n                {\n                  \"key\": \"reward_content[].items[].discount\",\n                  \"condition\": \"model.sub_type==2\",\n                  \"description\": \"折扣从1-9折\",\n                  \"type\": \"number\"\n                },\n                {\n                  \"key\": \"reward_content[].items[].count\",\n                  \"condition\": \"model.sub_type==1\",\n                  \"type\": \"number\"\n                },\n                {\n                  \"key\": \"reward_content[].items[].limit\",\n                  \"type\": \"number\"\n                }\n              ]\n            }\n          ]\n        },\n        {\n          \"type\": \"array\",\n          \"key\": \"reward_content[].rewards\",\n          \"condition\": \"model.type !==7\",\n          \"default\": [],\n          \"subTitle\": \"奖励\",\n          \"startEmpty\": true,\n          \"items\": [\n            {\n              \"type\": \"section\",\n              \"htmlClass\": \"layout-row\",\n              \"decoratorClass\": \"flex\",\n              \"items\": [\n                {\n                  \"key\": \"reward_content[].rewards[].type1\",\n                  \"type\": \"select\",\n                  \"titleMap\": [\n                    {\n                      \"name\": \"钻石\",\n                      \"value\": 1\n                    },\n                    {\n                      \"name\": \"资源\",\n                      \"value\": 2\n                    },\n                    {\n                      \"name\": \"道具\",\n                      \"value\": 3\n                    },\n                    {\n                      \"name\": \"舰船\",\n                      \"value\": 4\n                    },\n                    {\n                      \"name\": \"装备\",\n                      \"value\": 5\n                    },\n                    {\n                      \"name\": \"随机礼包\",\n                      \"value\": 6\n                    }\n                  ]\n                },\n                {\n                  \"key\": \"reward_content[].rewards[].type2_obj\",\n                  \"type\": \"autocomplete\",\n                  \"title\": \"请选择资源\",\n                  \"condition\": \"arrayModel.type1==2\",\n                  \"interfaceId\": 87,\n                  \"textField\": \"title\",\n                  \"searchField\": \"title\",\n                  \"queryField\": \"resources\",\n                  \"copyValue\": {\n                    \"code\": \"type2\"\n                  }\n                },\n                {\n                  \"key\": \"reward_content[].rewards[].type2_obj\",\n                  \"type\": \"autocomplete\",\n                  \"title\": \"请选择道具\",\n                  \"condition\": \"arrayModel.type1==3\",\n                  \"interfaceId\": 84,\n                  \"textField\": \"item_name\",\n                  \"searchField\": \"item_name\",\n                  \"queryField\": \"items\",\n                  \"copyValue\": {\n                    \"item_id\": \"type2\"\n                  }\n                },\n                {\n                  \"key\": \"reward_content[].rewards[].type2_obj\",\n                  \"type\": \"autocomplete\",\n                  \"title\": \"请选择船舰\",\n                  \"condition\": \"arrayModel.type1==4\",\n                  \"interfaceId\": 86,\n                  \"textField\": \"ship_name\",\n                  \"searchField\": \"ship_name\",\n                  \"queryField\": \"ships\",\n                  \"copyValue\": {\n                    \"ship_id\": \"type2\"\n                  }\n                },\n                {\n                  \"key\": \"reward_content[].rewards[].type2_obj\",\n                  \"type\": \"autocomplete\",\n                  \"title\": \"请选择装备\",\n                  \"condition\": \"arrayModel.type1==5\",\n                  \"interfaceId\": 85,\n                  \"textField\": \"equipment_name\",\n                  \"searchField\": \"equipment_name\",\n                  \"queryField\": \"equipments\",\n                  \"copyValue\": {\n                    \"equipment_id\": \"type2\"\n                  }\n                },\n                {\n                  \"key\": \"reward_content[].rewards[].type2_obj\",\n                  \"type\": \"autocomplete\",\n                  \"title\": \"请选择随机礼包\",\n                  \"condition\": \"arrayModel.type1==6\",\n                  \"interfaceId\": 77,\n                  \"textField\": \"title\",\n                  \"searchField\": \"partly_title\",\n                  \"queryField\": \"random_gifts\",\n                  \"copyValue\": {\n                    \"random_gift_id\": \"type2\"\n                  },\n                  \"params\": {\n                    \"is_commit\": {\n                      \"static\": true,\n                      \"val\": 1\n                    },\n                    \"is_deleted\": {\n                      \"static\": true,\n                      \"val\": 0\n                    }\n                  }\n                },\n                {\n                  \"key\": \"reward_content[].rewards[].count\",\n                  \"condition\": \"arrayModel.type1!==6\",\n                  \"type\": \"number\"\n                }\n              ]\n            }\n          ]\n        }\n      ]\n    }\n  ]\n}','gt-activity-edit'),(73,'{\n  \"form\": [\n    {\n      \"key\": \"codes_count\"\n    }\n  ]\n}','gt-gift-addto'),(74,'{\n  \"form\": [\n    {\n      \"key\": \"change_server\",\n      \"required\": true,\n      \"title\":\"搜索服务器\",\n      \"type\": \"autocomplete\",\n      \"interfaceId\": 97,\n      \"textField\": \"serName\",\n      \"searchField\": \"serName\",\n      \"queryField\": \"\"\n    }\n  ]\n}','gt-randow-gift-copy');
/*!40000 ALTER TABLE `schema` ENABLE KEYS */;
UNLOCK TABLES;

--
-- Table structure for table `server`
--

DROP TABLE IF EXISTS `server`;
/*!40101 SET @saved_cs_client     = @@character_set_client */;
/*!40101 SET character_set_client = utf8 */;
CREATE TABLE `server` (
  `serID` int(11) NOT NULL AUTO_INCREMENT,
  `serName` varchar(512) NOT NULL,
  `serAddress` varchar(512) NOT NULL,
  `serProtocol` varchar(512) NOT NULL,
  `serPort` int(11) NOT NULL,
  `isDefault` tinyint(1) DEFAULT NULL,
  PRIMARY KEY (`serID`),
  KEY `serAddress` (`serAddress`(191))
) ENGINE=InnoDB AUTO_INCREMENT=10 DEFAULT CHARSET=utf16;
/*!40101 SET character_set_client = @saved_cs_client */;

--
-- Dumping data for table `server`
--

LOCK TABLES `server` WRITE;
/*!40000 ALTER TABLE `server` DISABLE KEYS */;
INSERT INTO `server` VALUES (6,'研发服','www.hhwgame.cn','http',8080,1),(7,'空中网测试服','kz.hhwgame.cn','http',8082,0),(8,'staging服','168.63.220.196','http',8080,0),(9,'空中网正式服','120.55.189.12','http',8080,0);
/*!40000 ALTER TABLE `server` ENABLE KEYS */;
UNLOCK TABLES;
/*!40103 SET TIME_ZONE=@OLD_TIME_ZONE */;

/*!40101 SET SQL_MODE=@OLD_SQL_MODE */;
/*!40014 SET FOREIGN_KEY_CHECKS=@OLD_FOREIGN_KEY_CHECKS */;
/*!40014 SET UNIQUE_CHECKS=@OLD_UNIQUE_CHECKS */;
/*!40101 SET CHARACTER_SET_CLIENT=@OLD_CHARACTER_SET_CLIENT */;
/*!40101 SET CHARACTER_SET_RESULTS=@OLD_CHARACTER_SET_RESULTS */;
/*!40101 SET COLLATION_CONNECTION=@OLD_COLLATION_CONNECTION */;
/*!40111 SET SQL_NOTES=@OLD_SQL_NOTES */;

-- Dump completed on 2016-02-17 14:06:28
